Cell_ID,clust_ID,X_position,Y_position,KERATIN,ASMA,CD45
1,4,15.9801324503311,21.6158940397351,5.88476022976239,10.3991510618406,5.3765040482347
2,4,7.32374100719424,440.561151079137,5.28144927819841,9.48369493437888,6.77330259879317
3,4,9.58064516129032,471.422287390029,5.93063370901577,9.76654944197303,5.75162259963492
4,3,8.24242424242424,551.565656565657,5.53291027462946,8.7368445916565,7.46734797862794
5,3,8.91764705882353,571.423529411765,5.40013042092842,8.90253161972888,7.22676928092714
6,4,8.1025641025641,601.094017094017,5.45332848195521,10.2091414547218,5.88752751923501
7,4,8.36158192090396,633.101694915254,5.50996000694985,9.98359727230589,5.41164605185504
8,4,7.58421052631579,755.247368421053,5.86564768175211,9.4772828045884,6.81041514547839
9,4,8.72832369942197,775.560693641619,5.81998001086961,9.78059270211242,6.11131352687179
10,4,4.48275862068965,859.413793103448,5.40057825573706,9.57664756955664,5.40252204206614
11,4,29.1181657848325,923.703703703704,5.44787702487926,10.5464198971562,5.357833375325
12,4,7.9182156133829,1143.47583643123,5.73349766317216,7.54631279699041,5.49756427093502
13,4,6.8502994011976,1232.78443113772,5.43805327369753,9.34761288661132,5.854745873481
14,2,3.54054054054054,1555.81081081081,5.88388686062775,6.25911626363268,4.96680577851204
15,2,14.553264604811,1738.78006872852,5.96002175477625,6.88833422836085,5.3284598572166
16,4,3.22077922077922,1823.48051948052,6.32193550964094,8.94421475677552,5.02079990913393
17,4,10.560553633218,2033.55017301038,5.47773679235527,10.0095158036865,5.09747941373122
18,4,2.58461538461538,2072.13846153846,5.52256799713148,9.97639837982637,7.08775362639329
19,4,8.95867768595041,2163.95041322314,5.48856199817932,9.869848719268,4.98958891845906
20,4,2.98648648648649,2336.16216216216,5.30491716153205,9.94550515635497,5.30840148561466
21,4,9.23831775700935,2377.10747663551,5.3694636809514,10.1583610344654,5.04381696054851
22,4,15.921568627451,2570.01960784314,5.60816015463792,10.3250779111931,5.18178355029209
23,4,9.32575757575758,2768.02651515152,5.63881288419062,9.97441806578425,5.19996088480731
24,4,2.75,2800.875,5.84792290120006,10.6626315003716,5.24753563719521
25,4,9.00416666666667,2836.80416666667,5.62189431518352,10.1360623230907,4.99766262279222
26,4,3.19047619047619,2953.19047619048,5.36114311219894,9.81096839483841,4.87616619817097
27,4,13.6423611111111,2971.67708333333,5.72497982604016,10.2252296840659,5.35779754288682
28,4,3.06122448979592,2999.20408163265,5.6899456897502,9.7968518477529,5.02388052084628
29,4,4.48739495798319,3051.36974789916,5.38795833634729,9.64804269700946,5.02116786659615
30,4,6.86904761904762,3079.1369047619,5.60862109330465,9.96293080454105,4.89792863751149
31,4,8.02105263157895,3457.24561403509,5.95804382355459,9.88328448718059,5.104242802424
32,2,11.4131455399061,3763.0985915493,5.98020420363327,6.70851392146704,5.54475555385303
33,2,3.81904761904762,4538.31428571429,6.77488761162149,6.14861073591504,5.27382949490157
34,2,2.25531914893617,4622.91489361702,6.32839260687771,2.73877887582346,5.06219096540749
35,2,3.01369863013699,4682.79452054795,6.09242498565007,5.90510053214081,5.72992186285924
36,2,10.7096774193548,4992.8185483871,5.8198555665154,6.62946978034092,5.38626916142117
37,2,5.54838709677419,5342.4623655914,6.84233895333205,7.13303847510681,5.49721229271637
38,4,15.9978021978022,5497.07252747253,5.65230408505977,7.75297909048713,5.26580552706212
39,2,5.90459363957597,5539.02473498233,6.46572148568691,7.54094049356246,5.20445313731957
40,3,5.21551724137931,5624.53448275862,5.57699348966422,8.57999313313457,7.90467210270484
41,4,4.70754716981132,5919.97169811321,5.4367248235231,10.5486462993417,6.04061403575128
42,3,15.0851851851852,3530.76666666667,5.90189434355668,9.26456793126882,7.3536654216812
43,4,13.7979274611399,998.062176165803,5.6814626923445,10.0524195312725,5.31905930669174
44,2,22.2700729927007,4382.32603406326,6.25494647236723,6.88490743577736,5.57165433753631
45,4,11.1691176470588,1028.43382352941,5.65026793287449,10.5175865521629,5.36477270750038
46,3,18.4975961538462,1203.50721153846,6.32834878675638,7.31025606191916,7.29908407968513
47,4,23.1523178807947,1871.60264900662,5.30228300294138,9.75596993925684,5.01719211751662
48,4,13.4971751412429,262.762711864407,5.45676871259949,10.1100765247435,5.55267486870511
49,2,18.0081300813008,1574.66666666667,6.37026287301243,6.57585226235463,5.06616486025301
50,4,18.6360078277886,2097.88845401174,5.60338894640316,10.529029492198,5.30701718224903
51,4,20.8898305084746,520.299435028249,5.82371427768883,8.63437491637807,5.51176434012177
52,4,21.1367924528302,3103.1179245283,5.61030081077648,10.1315262727482,5.01079251444089
53,2,18.0452674897119,3829.80658436214,5.71255050722867,6.88471407983544,5.3424917601851
54,2,22.1172839506173,4632.92592592593,5.6922449795742,5.69713491410033,6.39282143377999
55,4,15.2525773195876,5990.20103092783,5.77980442155127,10.0693306544538,5.40007345591478
56,4,15.9241379310345,3123.08965517241,5.7121610691008,10.3482529462284,5.01755383444199
57,1,18.6749379652605,4901.20843672457,8.71827724605361,6.78499586180207,5.5512943216322
58,2,19.7871485943775,1500.97590361446,6.95549689208406,6.8494622741823,5.47975164897372
59,2,18.1583333333333,1753.13333333333,5.76563510033709,7.06066232867906,5.35138408748473
60,2,23.1581920903955,4012.06779661017,6.72977681964486,6.54115635573972,5.27991460643805
61,2,22.0739299610895,4469.66536964981,6.27763039284776,6.57988870872265,5.07129958858265
62,2,25.695652173913,4572.05351170569,5.93868273123416,5.89473446339598,6.65553504163116
63,4,19.072,967.88,5.67488905100122,10.013529413578,5.4455642700585
64,2,20.8266666666667,5334.98666666667,5.68264962967932,7.08252058127822,5.5484792790859
65,4,25.0863787375415,730.481727574751,5.91877774707928,9.99046577559854,5.8531566965304
66,4,28.8919860627178,1792.0243902439,5.76628277019673,8.39510980751993,5.20586199292147
67,3,20.5333333333333,5388.95,5.54361372250338,6.54454713533222,7.48648718410979
68,4,28.1597444089457,5692.94568690096,5.69094213575409,10.4309519050424,5.45044866511806
69,4,23.4776119402985,5934.10945273632,5.49008833240649,10.0576392984609,5.55659752743536
70,4,23.2201257861635,860.842767295597,5.3546858108621,10.2216935685847,5.32662362917847
71,2,25.5287356321839,5242.56896551724,5.36841690514647,5.43161166210175,5.18574701432346
72,4,24.9241379310345,500.489655172414,5.75855362234081,7.8079334496428,5.50631227156264
73,2,26.4829931972789,5305.40136054422,6.04145256822819,5.78871118553536,5.46302437664101
74,4,33.1424731182796,5890.94623655914,5.45073844087061,9.82058867535694,5.60700706421947
75,3,26.5958549222798,234.823834196891,5.3251308171591,8.80811586237451,6.92966378448435
76,4,29.8391959798995,656.306532663317,5.29942228354056,10.3672060824121,6.0102567123399
77,4,29.2378048780488,1254.46951219512,5.20945283228097,8.60856547265488,5.28156192114214
78,3,24.3823529411765,711.352941176471,5.62688025531945,9.80486653028963,7.73588316904638
79,4,27.3623188405797,956.63768115942,5.54095090748873,9.69128035748686,5.3386870848938
80,4,36.0367647058824,2850.97794117647,5.89162389962728,10.7129553164479,4.86864620025682
81,3,28.3305084745763,3187.77966101695,5.10296208605944,8.25514582588352,7.70820896189494
82,3,29.6428571428571,76.781954887218,5.77518180502208,8.82878322980768,8.34041832849806
83,4,29.496,287.192,5.77628916544295,10.0078158556458,5.45692666338224
84,3,33.1699346405229,5608.03921568627,5.89019875932823,8.97657896722857,9.08204269185989
85,4,31.4587155963303,5868.45412844037,5.59160297587615,9.0963777242896,5.3798339346268
86,4,37.3804878048781,2243.3593495935,5.106595668982,10.4615869299781,5.12986985031253
87,4,35.1497975708502,266.672064777328,5.46595676726744,9.87677315054269,5.57426076913055
88,4,35.9864864864865,1094.20608108108,5.8176137685121,9.13049246514755,5.26958069248271
89,2,47.9181102362205,4873.25826771654,6.03052246687789,5.95132719349573,5.96324327517069
90,2,35.923875432526,4963.2214532872,5.66073530345898,6.56722221318785,5.40651986071776
91,2,35.5144032921811,1463.06172839506,5.78553312467489,6.3518763275288,6.03253342473034
92,4,38.3601895734597,5563.07819905213,6.09093452481361,9.13655684590816,5.29669282494579
93,4,35.7962962962963,2045.84814814815,5.51847869768304,10.5225505498332,5.18821310681865
94,4,36.4888059701493,2197.54850746269,5.43957073350987,10.5837666590956,5.32393783395022
95,2,38.3153526970954,3615.90871369295,6.91228442598093,7.55048888291575,5.36566573305062
96,4,39.8516949152542,3083.61016949153,5.68775069487135,9.87354214803118,5.02591346639236
97,4,35.8367346938776,2285.44897959184,5.3742385626219,10.7925603992667,5.10958756564531
98,4,46.7325769854133,5531.04213938412,6.02706710937524,9.5362680922211,5.2820100820885
99,4,35.9615384615385,3112.61538461538,5.76747929550961,10.0309839441978,4.77491296057519
100,4,38.6947368421053,2061.4,5.69415735407433,10.035680879297,5.10179012190894
101,4,59.0377867746289,3461.74224021592,7.1055646894336,9.85720745413769,5.06964235051973
102,4,46.7290076335878,478.958015267176,5.6487860686468,10.0837634433178,5.56841734068654
103,4,48.5981012658228,552.892405063291,5.55216199482835,9.9206495656758,5.47326741110041
104,3,42.0336134453782,1123.42016806723,5.64541720334603,9.20828700475571,8.26671946606814
105,2,38.1351351351351,5241.48648648649,5.50026488779874,6.18426033638505,5.30706279732907
106,4,47.0533980582524,319.208737864078,5.67489011695782,10.3510924660818,5.5067316130667
107,2,45.0265486725664,3872.60619469027,5.67224309880364,5.95240399811889,6.03869428669408
108,2,43.1260504201681,4456.43697478992,7.63902771187587,6.77381083587793,5.5382271389838
109,4,61.0900621118012,2524.49689440994,5.34138280539704,10.1879848423322,5.2160659585508
110,4,65.0870253164557,2717.09810126582,5.6168746596226,10.1273995427028,5.09420633656844
111,4,48.0384615384615,3380.21367521368,5.77411348177921,9.50064176741467,5.04705788181265
112,4,48.104347826087,992.360869565217,5.38734301787217,9.94937516468877,5.19196602201711
113,4,65.014657980456,2880.75081433225,5.32783663731659,10.4576801926972,5.00579187900632
114,2,49.8305084745763,4370.82485875706,5.98199898574075,7.34229271993782,5.44958253134594
115,2,50.6486486486486,5338.93436293436,5.9158793929819,7.13389972849932,6.71677238262251
116,3,49.6852791878173,405.837563451777,5.78499591417077,8.25441665923697,7.34408925684486
117,4,45.7922077922078,87.7402597402597,5.9246376954524,10.3974514229912,6.91653480770219
118,4,55.8033333333333,615.276666666667,5.45236804137496,10.0638929166941,6.32343260752118
119,2,50.0221238938053,4902.03097345133,7.85572131045955,6.81158056628489,5.34487157307066
120,3,50.8895705521472,641.251533742331,5.5816263942298,9.33711679247205,7.84499558030714
121,4,51.7579617834395,1110.10828025478,5.7193506800477,10.2814998515558,5.35312517841449
122,3,48.4189189189189,2590.17567567568,5.41990696186846,9.22059638262312,8.11795527565841
123,2,51.2261904761905,5465.16666666667,6.73513649764957,7.06797931532105,5.14166355650266
124,4,50.4848484848485,5957.46464646465,5.61310967371801,9.79970911806095,5.44224278595757
125,4,50.7251461988304,956.888888888889,5.37609029373997,10.0529047412856,5.08907527859872
126,4,58.1130136986301,511.36301369863,5.76051017677803,9.52896569484773,5.73301981724648
127,4,58.9924528301887,712.120754716981,5.74972942732256,9.8049190134363,5.3958035647562
128,4,59.252688172043,939.188172043011,5.09480512277444,9.40677026977197,5.06846453027606
129,2,53.5180722891566,1161.1265060241,5.04618074149195,7.53868413622887,6.15138597952317
130,4,55.1987179487179,1091.00641025641,5.85264446873195,9.29933637018201,5.07673509580078
131,4,51.2142857142857,5623.92857142857,5.46221629578896,10.5702803685366,5.82262315187072
132,4,62.7042253521127,5781.01408450704,5.85132518610153,9.98057356412777,5.42619017390004
133,2,64.0401606425703,4580.79116465863,6.7210482162848,6.57113604360533,5.36498088730992
134,4,65.3125,5348.83854166667,5.81406834083652,8.26884801126612,5.75222535630782
135,4,57.4782608695652,343.434782608696,5.71713496109992,10.6201344287174,5.19699458199134
136,4,60.9604519774011,2043.02259887006,5.18260844960597,10.4614010045068,4.70534780207068
137,4,84.6140873015873,2128.0744047619,5.44670743826812,10.600661436462,4.79835350529226
138,4,62.6901408450704,3119.37558685446,5.58935647390373,10.1147320454134,4.7803063652627
139,4,64.4296875,5683.66015625,5.53781090045801,10.3994063698929,5.86584817646182
140,4,60.784,363.816,5.65341506729241,10.1015541694178,5.61955993252178
141,2,69.5733695652174,4192.90217391304,5.69759489273243,3.2689074541257,6.07112674761524
142,3,63.5674157303371,2589.65168539326,5.3174312790964,8.81170414111028,7.66634296141315
143,4,67.3292682926829,3028.51829268293,5.32410990938888,10.5376443696638,4.73924259077572
144,2,61.1621621621622,1576.48648648649,6.89346446074676,7.00955540993169,4.88321133917346
145,4,65.0119047619048,2973.34523809524,5.30333452145618,10.0789925263504,4.986700330925
146,3,65.5549450549451,3950.53846153846,5.92759979161335,6.58090582528824,7.27646520344824
147,2,66.4473684210526,3627.48421052632,5.86946044421619,6.52096987690833,5.78238284711766
148,4,66.9328063241107,5653.16205533597,5.5392930705986,10.1103587122413,6.66553768864178
149,3,67.906862745098,460.147058823529,6.23176401211154,9.31125026298672,7.46037748103084
150,2,65.1666666666667,5460.20833333333,5.57001295844441,7.20185421923,4.74239267479466
151,4,65.5234899328859,5624.32214765101,5.51020315551167,10.3696739220863,5.50666746862556
152,4,81.0120481927711,2848.42168674699,5.59471137960184,10.0928825109786,5.17638794529892
153,2,73.3400809716599,1520.00809716599,6.77257996790545,6.79329818398096,5.29006478398771
154,2,76.015306122449,4143.13520408163,5.9259868095345,5.66668264010077,6.87498696953317
155,2,83.3529411764706,4435.03725490196,6.15733203060246,6.90829042988099,5.32292389221926
156,2,75.8361204013378,4552.79264214047,6.65049968215274,5.98194614637094,5.38875097466449
157,4,74.0701754385965,3.31578947368421,5.70975873324208,9.98769485558368,5.43195840228434
158,4,76.8117154811715,2085.25523012552,5.74137247365851,9.67257527820914,5.15800872664386
159,2,83.0019379844961,4293.66472868217,5.90013094634643,6.40690876760308,5.38590754886576
160,2,73.9883720930233,1679.27906976744,5.72031177660741,4.40721543724431,5.52132137324263
161,2,81.9230769230769,1771.29538461538,7.1605114025635,6.71874184296454,5.16918945118401
162,4,82.2491803278689,2812.71147540984,5.71454403294089,9.81221800166328,5.41341556263037
163,4,73.9570552147239,5741.66871165644,5.84181802325186,10.1002145644339,5.47679719752599
164,4,76.2921810699588,2478.20987654321,5.5816690888986,10.0981086730323,7.07882377058751
165,4,72.8351648351648,1986.6043956044,5.20996643141222,10.7780403485658,4.88977059190246
166,4,77.3969849246231,3048.70854271357,5.58098058418445,9.99243720897687,4.78535378057675
167,4,81.8592592592593,3092.2,5.75359504368122,10.06210364438,5.04139198819163
168,2,76.0076335877863,4596.74809160305,5.718357672368,5.99789421410615,5.37750239589234
169,4,74.0816326530612,5959.38775510204,5.22525280589511,10.0151699307991,5.09724976693303
170,4,85.2342342342342,218.945945945946,7.41447699774236,10.2772329457322,5.42292391584079
171,3,81.133779264214,343.655518394649,5.80382452448836,8.46299548969024,6.78022590504261
172,4,91.2355371900826,2963.76652892562,5.28894507107956,10.1544076078373,5.0134275354103
173,4,80.0757575757576,260.176767676768,5.80155365798784,10.6273729660435,5.38789489260339
174,2,94.9559082892416,5206.84126984127,6.66394775068061,6.72578075191349,5.31897552568718
175,4,85.6301369863014,660.772602739726,5.54201534414132,9.81067296846948,5.91327343467577
176,4,87.6710526315789,5899.63815789474,5.57856231253277,9.69270052651526,5.33908672810425
177,4,82.6422018348624,502.288990825688,5.9337528231776,9.40524640190117,5.75504518753639
178,3,85.9718309859155,3314.66197183099,8.02577542864467,9.05267789921327,7.91326082703441
179,4,89.6770833333333,469.322916666667,5.659300724262,9.46915346670277,6.13638751439484
180,4,85.9671052631579,2352.69078947368,5.61555025705006,10.6778077733629,5.58198646356337
181,4,99.1327014218009,2448.71327014218,5.63113533798844,9.98499306146738,5.4246576808746
182,4,104.320805369128,2936.00805369128,5.3021155135745,10.4232195043369,5.01916259152069
183,4,93.9052132701422,1273.18009478673,5.56553675979407,7.70207435735535,4.65760974259729
184,4,90.1958041958042,5780.55944055944,5.62111004967879,10.1300013622,5.02815000971446
185,2,89.5338078291815,3760.37722419929,6.23348922108753,6.65334506216387,5.40060733660306
186,2,92.3467741935484,4858.35080645161,6.00164441086271,6.64126112729042,6.56642853635511
187,4,87.8571428571429,280.934065934066,5.87347888103333,10.380701730325,5.24069989454512
188,4,99.2358490566038,902.072327044025,5.42681843962391,10.1315788435743,5.32302531879679
189,4,88.030303030303,2779.9898989899,5.6017460203982,9.5784364118474,6.98001956124168
190,4,95.3474903474903,5849.08108108108,5.56274365564487,10.7252823444513,5.15520909787237
191,3,92.8666666666667,4908.07777777778,5.43633866444541,5.54422212719817,7.72101118374882
192,4,96.4761904761905,682.571428571429,5.69495575474001,9.38167283709098,5.68116202822015
193,4,97.9539007092199,3580.29787234043,8.10058000352506,8.80562764033631,5.18954283433257
194,2,100.553264604811,5120.60137457045,5.8731626913207,6.06244170289558,6.64516246606267
195,2,108.050343249428,5395.3295194508,6.00339537916588,7.25066312088719,5.0430264252134
196,4,99.7835051546392,2762.65721649485,5.75545671022215,9.54460121829438,7.10037372628404
197,3,97.955223880597,3958.42537313433,6.03379286923351,6.17615425532799,8.35966442421152
198,4,109.248633879781,1198.81147540984,5.36925188551456,9.36956644059821,5.96367767134484
199,4,98.5,2.32258064516129,4.54466652459758,10.31206287268,5.12626547639154
200,3,100.544554455446,772.430693069307,5.61424766446019,9.44913934896035,8.92491910830585
201,2,106.233846153846,1746.38461538462,5.91733763986375,6.53626341228758,5.19013235292822
202,2,103.390625,3728.6171875,6.09742449244693,6.58227939154018,5.5691343873316
203,4,117.124579124579,557.011784511785,5.65871936312335,9.52589992819073,6.01888809101883
204,4,101.038461538462,5573.80769230769,6.31855222686167,9.43352176872809,5.68732731525551
205,4,97.969696969697,5987.42424242424,5.11162262494186,9.09527296384513,4.84918531178739
206,4,102.074285714286,2244.44,5.51093716549152,10.8818020748328,4.78281415323093
207,4,100.465517241379,5629.12931034483,5.35804909492474,10.3966377091337,5.33380099940637
208,4,103.03125,5941.95535714286,5.41617976413454,10.3035034657127,5.30713994008117
209,4,102.355555555556,497.792592592593,5.7393164380785,9.44816204109018,5.65826841965744
210,4,113.306666666667,797.258666666667,5.37506850911379,10.2454169668776,5.40546029276795
211,4,100.621621621622,5649.0945945946,5.2663942851133,10.8035132088095,5.12725649392154
212,4,101.704918032787,5997.86885245902,5.26802714934679,10.3081671062756,5.09586001220876
213,4,104.679347826087,1129.32065217391,5.84872943925341,10.7051081432318,5.50329694723457
214,4,114.837708830549,2504.72792362768,5.57988291914371,9.98009340817583,5.30084400484306
215,4,110.300675675676,389.679054054054,5.70558265516035,9.23170279170237,5.74236412363761
216,4,106.392592592593,2214.74814814815,5.02631420420857,9.65818974991307,5.24932162569361
217,4,106.963503649635,459.248175182482,5.48603794764917,9.70918324764292,6.0905995198457
218,3,107.939393939394,547.287878787879,5.38143227325854,9.15765216575739,7.53654574005941
219,4,113.389121338912,1146.48953974895,5.39736721679835,9.87181961759527,5.28879518670297
220,4,123.226044226044,5669.66584766585,5.6416979424802,9.82218155748851,5.21854796304685
221,4,108.162162162162,470.567567567568,5.65835152686125,9.78815025672641,5.84417093439855
222,3,110.35761589404,630.291390728477,5.48641690062188,9.22518265840424,7.85116887748329
223,4,112.047904191617,972.850299401198,5.26060928125128,10.3528591387592,5.08025072624312
224,3,113.149377593361,433.522821576763,5.77241013423319,8.16756861667678,8.10001157958153
225,2,115.55900621118,4860.36645962733,6.24475769276431,6.64896041302315,6.89562611657115
226,4,115.637931034483,3023.52155172414,5.33334328588543,9.83222393984205,4.84489956676829
227,4,115.444444444444,292.138888888889,5.70666719872479,10.1168406668801,5.29845624579276
228,4,117.366071428571,2634.59375,5.21036398757226,10.0631927392234,5.72995482812676
229,4,115.591240875912,3061.29927007299,5.40215116992828,10.3460606719688,4.77130301543213
230,2,121.672727272727,4014.52987012987,5.80630780614386,6.25755313639129,5.58992031374305
231,1,123.753086419753,4667.29382716049,7.70113093991681,5.78179463212885,5.33274264936538
232,3,119.605633802817,356.920187793427,5.65059297622961,10.6933602573919,7.41410045799391
233,4,117.858695652174,617.934782608696,5.70240471438605,9.96523890508193,5.4119371585477
234,2,117.583783783784,1543.61621621622,5.41631659504928,6.1582836769365,5.78427414597954
235,4,115.577235772358,5642.35772357724,5.65769596937816,10.2493231905191,5.36882129094125
236,4,116.239130434783,3305.73913043478,5.79148805507531,10.085415009944,5.02673684955203
237,4,127.785398230088,3312.72566371681,5.84876355544233,9.75757387298485,5.38680626503431
238,4,123.75,3402.72777777778,5.78904231860702,9.98808755226891,5.22134632536191
239,1,128.930894308943,3568.30081300813,10.4775021973349,7.94442585255988,5.19146522406269
240,2,130.47619047619,4191.14285714286,6.37252943814564,6.74766725487211,5.65191350174134
241,2,134.255591054313,4348.21725239617,5.79027277164027,6.83564138516196,6.88844543759528
242,3,123.748466257669,483.257668711656,5.75597515997147,8.45208714730477,7.61301288055122
243,2,138.079254079254,3768.32400932401,5.70410876174512,6.41861967861897,5.33048664948143
244,2,123.128205128205,1730.89743589744,5.43897077321223,6.69383191134814,4.65127053315491
245,4,128.887640449438,2202.87921348315,5.21028401706271,10.4020276237489,4.85870125682423
246,2,126.085106382979,3981.58156028369,5.87976007396887,6.2448552266821,6.26629847708191
247,4,129.098591549296,2552.39906103286,5.29716646977857,10.2897398499824,5.21391461997303
248,4,129.936170212766,3298.44680851064,5.68683109782832,9.6204831750728,4.83026927080819
249,4,134.861386138614,843.782178217822,5.7503594943669,10.1440130206348,5.43674393643589
250,4,133.833333333333,1219.3992248062,5.65050162226787,8.45438134409376,5.48802437433259
251,2,133.43359375,3583.078125,8.08438418572822,7.39700847590521,5.00745315311846
252,4,127.028846153846,5647.77884615385,5.59435386645942,10.7236650514759,5.21446532924916
253,2,135.170731707317,4790.88470066519,5.51924116112393,6.30296815902501,5.09709096115216
254,2,147.098615916955,5344.00865051903,5.69260723011933,7.33289635824417,5.1377911581798
255,4,134.852631578947,722.731578947368,5.4463743293679,9.61853543457589,5.35894198836447
256,4,132.424460431655,1080.78417266187,5.83434784227874,10.4425993943386,5.27587312375948
257,4,132.38,1123.97333333333,5.77100489092293,10.4212671413434,5.41843840767909
258,4,153.23473541384,2941.72184531886,5.31591600780065,9.81260650485276,5.99021206701702
259,4,146.50505050505,904.174242424242,5.47093288082981,9.77089987032098,5.31670782667654
260,4,143.106007067138,2373.57597173145,5.6991664189061,10.1620986560332,4.97258233230699
261,3,135.5625,2518.34375,5.50406040318208,10.4814293295211,7.2445474049095
262,3,136.881355932203,610.474576271186,5.7769174150531,9.50007626609499,7.37096149365541
263,2,148.695652173913,5257.12020460358,5.78079087661073,7.06325178277826,5.27024147958919
264,4,137.10447761194,5808.58208955224,5.29824273689764,8.21144239058145,5.22430123862656
265,4,141.595890410959,5785.25342465753,5.45133237238744,8.91121868672522,5.15400398618501
266,4,141.694444444444,863.814814814815,5.10969824386903,9.98262899949536,5.29027586087651
267,2,146.916666666667,3954.30158730159,5.8105943175813,6.29631242849929,6.33216535903423
268,2,146.456582633053,4845.37535014006,6.32783173619509,6.57977239580919,5.57034178086626
269,3,142.433070866142,248.228346456693,5.36829138385057,8.994626826842,6.90731423685547
270,4,149.375555555556,492.004444444444,5.70622393630619,10.1624085453144,6.70795383524085
271,4,152.310897435897,563.554487179487,5.61198108909217,9.77279863639142,5.65712305166516
272,3,146.302325581395,437.167441860465,5.52131206957559,7.8103168468725,7.43045064294643
273,4,144.08024691358,1005.99382716049,5.6565959622213,9.77581655560933,5.34963226564048
274,4,146.666666666667,1067.71698113208,5.8229528540516,10.427539659083,5.39935724090894
275,4,159.712574850299,946.582834331337,5.10909782174722,9.72503037568605,5.02462874385163
276,2,142.090909090909,1591.31818181818,5.80431316363808,6.3690834008785,5.58075845628436
277,4,157.765375854214,315.856492027335,5.77115723183009,10.4015334339081,5.32383190916513
278,4,147.195488721805,5757.02255639098,5.53011509156487,10.8868353887716,5.11808385383587
279,4,151.688034188034,271.393162393162,5.72869742372596,9.99397493250351,5.74956989877913
280,4,149.72131147541,839.606557377049,5.70672894920565,10.5806038485809,5.4283025196751
281,2,155.54347826087,5115.3731884058,5.92339322291554,6.36864075886308,6.09473864858626
282,4,145.642857142857,5678.54761904762,5.71577378274663,9.53038590909213,5.43745799793707
283,3,150.769230769231,1147.12923076923,5.80379022827193,7.56088623004957,7.45468433619425
284,2,156.625,1512.60887096774,6.93964849810308,6.84361237850112,5.26452704339146
285,4,158.833846153846,2871.96307692308,5.35142056054026,10.1072944578142,4.91344642758775
286,2,164.293413173653,5321.73652694611,5.80804358379288,6.86610959202698,5.26468936820277
287,4,155.435779816514,5801.5871559633,5.65666522231574,9.48419761855016,6.23276339011312
288,2,159.328125,5453.8375,5.67091487103058,7.89013450204443,6.3561510625318
289,2,156.716,1548.98,6.55153166175161,7.00956429552629,5.39885024790898
290,4,154.905797101449,985.210144927536,5.55020329010954,9.49002204817256,5.2600585095034
291,4,156.028409090909,5670.02840909091,5.84316555739432,10.2682529755631,5.348081082636
292,2,154.230769230769,1581.76923076923,5.87784351137845,6.42549219336532,5.31727121744583
293,2,164.590504451039,4016.86053412463,5.57473444613754,6.30252114593608,5.48292365063181
294,4,172.205980066445,2996.25415282392,5.49392922907244,9.85310414308103,6.11737247810655
295,3,164.419724770642,5228.64449541284,5.81843455213277,6.93497099809591,7.83669231371936
296,4,157.469026548673,5996.3982300885,5.65428852306348,9.47054983183539,5.24632517871328
297,4,158.389312977099,1038.56488549618,5.67644004396419,10.5434189410297,5.23110861685459
298,4,165.161048689139,3570.14232209738,8.14553007946647,8.21949155225636,5.33197669163579
299,4,161.341176470588,1018.12352941176,5.67608879473725,10.0035516551635,5.381305957089
300,3,164.730337078652,3995.16011235955,5.78947041074105,6.07137976177995,7.22673593968607
301,2,165.587852494577,4914.08459869848,5.89029504405751,6.9532552517736,5.58389581796146
302,2,168.297297297297,4719.22702702703,5.81502565347218,6.17441653576863,6.96480723069874
303,4,164.226923076923,5558.40384615385,7.04610150398313,8.81214378405768,5.34316202851242
304,4,161.945454545455,760.2,5.45329886997693,10.5154988713291,5.31436965459717
305,3,162.21359223301,706.912621359223,5.75090689718561,8.6648227938569,7.22358597896216
306,2,172.694117647059,1766.63823529412,8.09234196925821,7.7257701436275,5.42296567111315
307,4,167.08125,245.60625,5.75763914744691,10.5180936318221,6.61480937685526
308,4,173.732418524871,3424.52658662093,6.9420904130339,8.03468383459365,4.96391160393256
309,2,162.310344827586,3622.58620689655,6.13988455222626,6.16903344859608,5.65695589862651
310,4,169.292397660819,5905.15789473684,5.29770314286357,10.2362629056169,4.98923841419832
311,3,168.139737991266,482.646288209607,5.85755878622551,8.517232491954,7.04766530228569
312,2,175.271084337349,3703.99698795181,5.92547115289459,6.40095767641369,5.97311192226682
313,2,172.597173144876,5281.74204946996,5.89747416736237,6.83559105392893,5.3849650142631
314,4,174,5527.2583518931,5.74403058516013,8.43000508287611,5.05764921487092
315,4,172.726235741445,3020.60836501901,5.64731270756323,9.7008539474584,4.96806906699235
316,2,175.696551724138,4593.49655172414,6.75759375830556,6.9438011965277,5.43265231554499
317,3,173.577358490566,458.441509433962,5.70837568328885,8.15816075379058,6.84109929748107
318,4,176.680555555556,3371.57777777778,5.86593281771582,9.71292950209733,4.98857901812941
319,4,176.045918367347,1054.05612244898,5.66108088032732,10.2801372028021,5.33138693957238
320,3,173.076923076923,434.490384615385,5.62134105904836,8.46100331291936,8.17740507873394
321,4,178.938356164384,5738.88356164384,5.20153864320788,10.5231421800684,5.08454755238303
322,4,171.179104477612,88.9701492537313,5.91563868231084,10.8671639090154,4.97147030078363
323,4,198.004769475358,3490.60890302067,5.73837077156713,9.78631143719734,5.0901055008795
324,2,184.362282878412,5004.5111662531,6.08109088506616,5.12530716294973,6.65153340169344
325,4,175.283018867925,2142.05660377358,5.36315065555804,10.1032373266533,4.55803902227457
326,4,181.933098591549,197.524647887324,5.90519873078729,10.4575179522777,5.5749082287179
327,4,191.056338028169,5876.34607645875,5.43042168504846,10.1306660110032,5.32963274664776
328,4,180.173708920188,2356.46009389671,5.52157358757111,10.3053940671841,4.857772256472
329,2,185.041055718475,4201.04105571848,6.07626918997462,6.227272434154,6.46995024683135
330,4,189.015957446808,3046.47340425532,5.4689014246468,9.97467149704578,4.76655150056221
331,4,181.051724137931,373.83908045977,5.70636534307445,9.85855541075633,6.37690286486627
332,4,186.45,421.903846153846,5.58508556000112,10.0520943770726,6.05510723441391
333,4,197.604705882353,144.345882352941,6.2480383233546,10.1194199422806,5.19007689078994
334,4,183.173913043478,5448.45652173913,5.61152018155454,7.83148350141795,4.94875989037817
335,4,194.067796610169,79.7796610169491,5.99984038855759,10.8883810986672,5.2248654155843
336,4,188.726443768997,617.170212765957,5.72444890422517,9.32618515759196,5.62521284560314
337,4,178.8,5583.86666666667,6.00449045156301,10.1241783204573,5.20620207764023
338,3,184.251256281407,1164.43216080402,5.78418074338563,8.11156626117035,7.80406069350647
339,3,186.003355704698,4932.6610738255,5.69065416873659,6.45714887838064,7.69035046286064
340,4,183.030769230769,5715.61538461538,5.60885171004432,10.9764921818811,5.17528016730164
341,2,190.802158273381,3748.58633093525,6.153467156285,5.55825755530553,6.10712703062639
342,4,192.761755485893,278.711598746082,5.82631446230824,10.2666042274143,5.44784474662586
343,2,192.651785714286,1448.02083333333,5.74567056735845,6.99556717872188,5.43797578389593
344,4,190.035460992908,2918.48936170213,5.29909720423954,10.0997120144991,6.38755368657218
345,2,197.021818181818,4463.72,7.67981109782853,6.78896355295044,5.36870804852135
346,2,187.116279069767,1535.5503875969,7.78143300775249,7.11200518509957,5.21476722301686
347,2,193.022950819672,4538.52459016393,5.83807450688281,5.22921324765552,6.77134198591241
348,4,185.191489361702,5861.44680851064,5.26719990341696,10.1633872439755,6.10645408647556
349,4,191.945147679325,5926.40506329114,5.46313428655333,9.94602372258728,5.32664645884613
350,4,206.624838292367,2874.04786545925,5.18915489348926,9.51030821031064,4.7666860252369
351,2,201.194871794872,4478.00769230769,6.75368322854214,6.54545280856589,5.45780542554337
352,4,197.366935483871,3344.59677419355,5.92062665664746,8.80192697030581,5.22188038161885
353,2,201.778711484594,1332.19607843137,5.57703076901706,6.49479577133095,5.07641604055125
354,4,192.996904024768,5565.34365325077,6.14378028483859,8.57035943661822,5.32239059231155
355,2,198.679611650485,3668.18122977346,7.14003239653041,6.91071206841727,5.32693312835756
356,2,190.813725490196,5090.23529411765,5.82284283507185,7.01044458307008,5.24065709669562
357,4,210.113122171946,2279.18099547511,5.52129800866566,10.6924972593007,5.17302601024685
358,4,195.306818181818,2938.10795454545,5.00908105659162,9.09072149025335,6.62948333749643
359,4,200.861111111111,588.710317460317,5.58944587416589,10.4685766565078,5.56182566500371
360,4,196.776785714286,2313.13839285714,5.38600931546747,10.3843622619268,5.02964979577697
361,4,201.170731707317,223.599303135889,5.7341077591202,10.0888402251393,5.4355765583847
362,4,198.928870292887,3528.90376569038,8.4678271292318,8.50634459950679,4.96263979317783
363,2,199.521212121212,4433.47272727273,5.92910546744334,7.07262749792701,5.15950800063086
364,2,205.482666666667,4046.92266666667,5.72302721215601,6.59057939773225,6.45793276748753
365,3,199.135922330097,1168.37378640777,5.76141003409357,8.3021839425061,7.99857678032615
366,4,201.276595744681,2255.89893617021,5.25979215615748,10.4462708238624,5.24702407216049
367,2,206.576388888889,4598.33680555556,5.70137216478437,6.35256285326165,5.60014372693371
368,2,215.966165413534,4336.2030075188,6.49711798355755,6.87167609222876,5.51672037591949
369,4,207.348017621145,310.061674008811,5.63568599172719,10.0582049062605,5.51461817635518
370,2,206.878661087866,1713.48535564854,6.41874027417155,7.21055575387697,5.42680993496583
371,4,204.574803149606,1038.88976377953,5.5413253002378,9.42887900620708,4.71807696003084
372,4,203.284090909091,535.977272727273,5.47617823165757,9.76196915372139,5.27200839152927
373,4,210.973154362416,5580.13758389262,5.76301120228124,9.90630053868689,5.30785230114875
374,4,206.756944444444,761.520833333333,5.15757751562058,10.1797955493201,5.19945574895857
375,4,211.393129770992,2338.07251908397,5.43287161374102,10.7770799282067,5.11504115574363
376,4,210.239024390244,2463.06829268293,5.28072449107289,10.4033907677686,4.99010069165455
377,3,209.581699346405,713.156862745098,5.56507117841613,8.58381410169928,7.12794020952506
378,4,212.03125,2319.453125,5.12744563461585,10.6144875056973,5.13128458847607
379,4,211.879432624113,502.978723404255,5.38569806067449,10.4008786550413,5.43468162225686
380,3,216.052805280528,639.679867986799,5.40281117008574,8.99179719628607,8.09962243141834
381,3,213.014925373134,444.694029850746,5.32315558193424,9.37258930234091,7.19056355345384
382,4,217.083333333333,384.257575757576,5.45871472893118,10.37516118806,5.42264459872863
383,3,217.651685393258,465.752808988764,5.69418601376794,9.1877695797657,7.62012935383024
384,4,222.443548387097,956.540322580645,5.52497087976487,9.8155172848727,5.29504589207391
385,3,222.820627802691,614.77130044843,5.51736284612651,9.18768063563819,7.45287054054363
386,3,218.840909090909,567.371212121212,5.85602657621288,8.23421317824985,7.3164726684428
387,3,221.498069498069,1430.96525096525,6.07371153577485,7.04063443191756,7.59119136647854
388,2,227.80093676815,4421.63466042155,6.67302850699847,6.8868234429411,5.32985234179128
389,4,225.444915254237,1236.27118644068,5.70572973006556,9.64363880793458,5.13455139860458
390,4,219.422413793103,2365.34482758621,5.20082809009831,10.8799547733758,5.01230057341532
391,4,227.709923664122,2416.96946564886,5.37910553910038,10.1178209578538,5.16065531709031
392,4,225.53023255814,2121.88837209302,5.27128072980855,10.6465411068514,5.06341895021105
393,4,222.661971830986,5651.01408450704,5.65751728905776,10.1783824060124,5.22297895190319
394,4,224.024539877301,5967.60122699386,5.56459092172529,9.6763590780867,5.28767814815958
395,4,224.627906976744,80.8372093023256,5.65765736073467,10.3344500164624,5.00418039747632
396,4,229.864485981308,2399.54205607477,5.45017570133273,9.95380969794103,5.23125853814619
397,4,234.64406779661,5856.8813559322,5.55486290975046,10.403064253915,5.24291215075049
398,4,229.461956521739,430.423913043478,5.72132694183703,10.0940308789945,6.38402060383691
399,4,230.93023255814,1083.71096345515,5.63707697090966,8.41316585828866,5.686569845898
400,2,238.676217765043,3656.26074498567,6.15743417797289,6.69233256150631,5.32099523162941
401,2,236.995391705069,1709.57142857143,5.92447756241846,6.78527516941754,5.2648368290461
402,4,246.831395348837,2926.05813953488,5.32733272695448,9.89704401771479,5.05075006184642
403,2,240.57380952381,5013.25714285714,5.83757772135706,6.06693638469264,5.44114912636986
404,4,242.750957854406,1927.05938697318,5.56413131797039,9.46371980162444,5.16027664317463
405,2,233.326633165829,4507.02512562814,6.26353225696406,5.17552494554907,6.68028075448832
406,4,241.417348608838,3346.63993453355,8.35899110786894,8.81247462964335,5.29800635255808
407,2,236.070866141732,3854.35433070866,5.91076463533416,6.45652240316328,5.73827265445618
408,2,244.769230769231,5290.09467455621,5.92742294390636,6.15337456344511,5.99148673621091
409,4,234.555555555556,1048.42857142857,5.57305892772408,9.97079554862724,5.59278194129655
410,2,239.647457627119,1473.25084745763,6.62002348778028,6.44137896138504,5.39570550915802
411,2,233.379032258065,5330.75,6.25843975291722,6.5470399255064,6.52859438735869
412,4,238.920289855072,859.423913043478,5.50109552354676,10.0407236232717,5.42974282949032
413,4,232.992,1002.408,5.5706319618687,10.3291431865543,5.3385760024116
414,4,241.892448512586,2001.06407322654,5.45686503428619,10.0314394067292,4.98675204114762
415,4,237.956989247312,5540.32258064516,5.8093687712752,9.90019719901868,5.16300251045764
416,4,239.988700564972,675.54802259887,5.69081743463891,9.54613562404712,5.48942787075915
417,4,243.619047619048,751.393650793651,5.56335205493158,9.53642574483588,5.45927476002248
418,4,241.876865671642,1893.77985074627,5.52110264473487,9.55588460622598,5.12549532229048
419,2,246.903930131004,5362.48034934498,7.4316126500364,7.20587828784898,5.13379283096798
420,4,247.414035087719,5490.44210526316,6.48160936862133,8.25474148452928,5.00979283406328
421,4,243.822966507177,76.0717703349282,5.8555379437575,10.1927069594299,5.31619488466885
422,2,247.823529411765,4525.35294117647,6.71671176262841,6.23740508474483,5.28382205905268
423,2,246.167441860465,5401.37674418605,6.42648845745769,6.95862522795771,5.47796092209081
424,4,245.653846153846,820.1875,5.87108800699369,10.1365174570286,5.42976726744785
425,1,245.304812834225,1417.42245989305,8.65283879137882,6.61939561516334,5.53135830084258
426,3,246.231707317073,264.934959349593,5.68588615927362,7.88193748927207,7.57386125784079
427,3,247.606557377049,360.724590163934,5.66147942033802,8.45778770320352,7.3700530648239
428,4,243.675824175824,2230.4010989011,5.08126784621292,10.6907826493221,4.89878244228797
429,2,249.797570850202,1457.3036437247,5.87594236472687,6.53292343203637,5.41054292773214
430,1,250.578378378378,1662.08108108108,9.89136518343373,6.93246107540122,5.5137338434716
431,4,251.503649635037,1806.66788321168,5.80525588324883,10.4954619088256,5.37214766720361
432,2,247.327956989247,5375.17741935484,5.49853341321854,6.57259830605455,5.75024872540493
433,4,256.760180995475,2197.23303167421,5.11777702787264,10.5606528867933,5.18038443277966
434,4,250.023474178404,2996.63849765258,5.4281712306985,10.0541876178267,5.14763094528262
435,2,260.826086956522,5242.26630434783,5.85777786292324,6.48168948064505,5.41209480596352
436,4,257.272435897436,300.778846153846,6.27543782740784,10.1730305003229,5.49977883318432
437,4,252.843434343434,645.363636363636,5.60496615552259,9.31238995800526,6.0762396291567
438,2,264.915601023018,4307.69820971867,5.90476235272801,6.15864109131969,6.66901762340662
439,4,255.170305676856,3009.53711790393,5.35423532186621,10.1848919374587,5.2327186037858
440,4,251.53781512605,5605.31932773109,5.80612162385707,9.39687851665147,5.10359997007187
441,4,253.566878980892,5876.30573248408,5.32663862145015,9.88991012624028,4.94645339725877
442,4,255.020942408377,449.86387434555,5.76116192282135,9.64881213465857,5.80906968919825
443,4,259.296875,560.82421875,5.77560640435784,10.522167606911,5.74329110709393
444,4,262.903529411765,954.077647058824,4.81682207803608,10.1017372663097,5.22087715180304
445,3,259.015267175573,3764.00381679389,6.13482108324738,6.17043284168672,7.39440161258373
446,3,255.141975308642,12.2592592592593,5.22611166749577,9.91428308288545,7.71822448359915
447,4,254.554794520548,2453.95890410959,5.52831409344679,10.3009296949733,5.97904181306831
448,4,266.12715855573,2886.72056514914,5.23715148760335,9.86916494649572,4.87938283073452
449,3,254.441666666667,505.791666666667,5.69865825713876,9.15609535712379,8.27155902841052
450,2,257.517441860465,3542.18604651163,5.96232309962229,6.15050359161391,5.77440708906167
451,4,261.612903225806,38.3508064516129,5.82970434298803,10.4988332772357,5.21856695486154
452,4,265.986111111111,2715.77083333333,5.58058550451288,9.97162170666541,5.15295702772517
453,4,258.506666666667,2607.36,5.32053537511447,10.3185108354064,4.72289396062932
454,4,258.8,995.427586206897,5.43336054687992,10.3035523580971,5.34091433659094
455,4,262.538461538462,2424.58579881657,5.39644766505482,9.73663869156838,7.01112327835277
456,4,264.184115523466,2632.94945848375,5.56652401448466,10.0017289424815,4.97389141478647
457,4,261.790055248619,1074.78453038674,5.61407535289413,10.3100058811351,5.39570975675558
458,2,268.066455696203,1397.17721518987,5.95651759978589,6.65141649567352,6.55520382897807
459,2,275.483606557377,5315.4781420765,5.64700007497424,6.66850594712997,5.2351331192244
460,4,264.282407407407,581.425925925926,5.51350341482285,9.26906820692249,5.77493966897253
461,2,274.977485928705,4144.68667917448,5.36314899669495,6.08384104017293,6.83689789900405
462,4,265.104918032787,678.750819672131,5.56242034556108,9.53809863959753,5.68116802904904
463,4,266.917582417582,1124.23076923077,5.50076470462386,8.90951070903345,5.30892029694579
464,3,266.029268292683,2470.0243902439,5.49410476118563,8.45656869155101,6.78146727596793
465,2,272.501187648456,4483.9406175772,6.30896338497453,5.46662591710022,6.97499205678636
466,4,268.163742690058,471.263157894737,5.87617839165019,10.146766665054,6.12891005321206
467,4,267.942857142857,858.32,5.31131820253481,9.18438059973517,6.52466092627586
468,4,271.80412371134,1109.49828178694,7.09468532977483,8.68931109203118,5.19163868581411
469,2,272.224669603524,5337.64317180617,7.50993613548553,6.96249373330673,5.28353910038881
470,2,269.014705882353,5433.19485294118,5.99237405984644,7.07925253243393,5.12385455464908
471,4,266.901234567901,5969.87037037037,5.35100937363877,9.63149654374459,5.34082682538808
472,3,268.653594771242,398.006535947712,5.60906471193081,8.12331365185326,7.33510977573596
473,4,274.310344827586,773.91724137931,5.59884332614946,10.0425157925342,5.73554841420146
474,3,273.516320474777,5395.75074183976,6.09598494735639,6.67767003397936,7.29229879570832
475,3,269.315789473684,4238.48245614035,5.63704270213216,6.33933771088292,7.50724705020048
476,3,271.71978021978,541.450549450549,5.79987489920986,8.2354276476731,7.75822314882242
477,4,270.020979020979,2406.93706293706,5.28263560742881,9.34891218715446,6.57610914023145
478,3,273.071856287425,5638.31437125748,5.74992680731954,8.64954896812539,6.95804987123988
479,2,275.090047393365,1774.05213270142,5.86307899818698,7.15646864443911,5.45928295753855
480,4,271.770186335404,2268.30434782609,5.62960761063316,10.6564155938581,5.62652573763244
481,4,275.923076923077,252.938461538462,5.78172435781303,10.5664078538947,5.50666481390996
482,4,277.385,419.135,5.64123308499536,10.0033869584422,5.65371649698272
483,4,269.130434782609,2434.26086956522,5.47737272555537,10.4543583822437,5.90855541632561
484,2,281.544025157233,3669.31761006289,6.21445085335543,6.64113290501659,5.43627292038701
485,2,284.089783281734,4713.826625387,6.00997635197115,6.52719268365682,5.35303127454883
486,2,279.545893719807,3712.9806763285,6.46820869296756,6.62274274802212,5.35681412219743
487,4,277.176056338028,2926.93661971831,5.29757765641022,10.5438536757551,4.83286673693279
488,4,278.550561797753,648.196629213483,5.62814639806338,10.1413757972043,5.56068163101553
489,4,283.95032051282,3192.61698717949,5.28338267927491,9.25963224177213,5.01301493912629
490,4,280.375,5822.39423076923,5.36056962232539,10.3295323866249,5.11024855665834
491,4,296.655384615385,2165.54,5.33621323798893,10.6200820302653,5.08906723773003
492,4,280.432098765432,2309.14197530864,5.35504187282064,10.670659655064,5.00473313692093
493,4,295.086587436333,3371.43463497453,5.7228302425091,9.86532428348729,5.53458327047433
494,3,289.61801242236,742.94099378882,5.52820828940187,8.64313498620249,7.35132166518239
495,4,282.269841269841,3041.95238095238,3.69757172535787,10.5707889062065,4.72935245588651
496,2,290.768267223382,4661.57411273486,7.48207660476468,6.38890870755628,5.27179975981459
497,4,285.60350877193,1214.72631578947,6.22555845019247,9.08217241499324,5.31022860143335
498,2,288.876221498371,3955.9348534202,5.95687478832503,6.46863401197818,5.1358942362552
499,4,285.717647058824,443.829411764706,5.8011404671336,9.78560749011398,6.2131953362376
500,4,283.993788819876,1003.68322981366,4.97149408088836,10.3030480994203,5.48703663374083
501,3,287.454225352113,579.961267605634,5.71161556550532,7.92466219134151,7.25154474366053
502,4,290.763333333333,831.133333333333,5.4810277366332,10.1956129886103,5.34880450274404
503,4,284.677215189873,1077.43670886076,5.43325204625641,10.0609572211341,5.23468982274964
504,4,282.761194029851,622.835820895522,5.59620834437006,9.92836798876793,5.36038081228661
505,4,284.037037037037,866.703703703704,4.88597682487043,8.97811403005359,6.44210758097666
506,2,291.647058823529,5032.65441176471,5.22335212659276,4.63079493215615,6.1217507902201
507,2,285.305785123967,2469.39669421488,5.72288264602962,8.58594030267907,6.45983978512839
508,2,295,3752.97142857143,5.86771814901462,4.91635315710336,6.2398149911647
509,4,286.011627906977,2637.81395348837,5.38342771291724,10.3933401201352,4.97785580713716
510,2,293.53937007874,5166.87007874016,5.62371898811412,6.71787134106185,6.83248854972016
511,4,289.766871165644,5892.17791411043,5.20231983400652,10.3505531496051,4.85571403796939
512,4,286.944444444444,923.133333333333,5.27834139089457,10.3181087634572,6.46124245643645
513,4,299.96766743649,2367.41801385681,5.07940848530951,9.34580773581883,5.74422379626782
514,4,301.733656174334,3489.5181598063,5.7440968342984,8.91814125264028,5.11662999118511
515,4,291.467289719626,936.476635514019,5.15161551073377,9.53895942299151,5.25227342804663
516,4,292.5,2588.72,5.61293830735548,9.42918124001041,5.18104170215708
517,2,295.688821752266,4835.47129909366,5.75946391153959,6.03631226437968,6.26666726259858
518,4,294.27358490566,760.896226415094,5.41223550073742,9.93731274909557,5.90538755334344
519,4,293.12972972973,3275.98378378378,7.49513645627986,9.3119925608221,5.02856370545049
520,2,301.630841121495,1436.82710280374,5.74151934122773,6.52409738467476,5.35920583480737
521,4,300.545454545455,1115.91958041958,5.78436296131554,8.37508083163028,5.41568073373635
522,4,302.760504201681,3019.33193277311,4.25453936445578,10.6357017094809,5.03624297602942
523,2,306.256637168142,4757.74041297935,7.46650933880436,6.74819916060252,5.63993856636544
524,2,300.305135951662,1760.77039274924,5.78979385534082,6.57832765709789,6.22967230902886
525,4,300.16847826087,632.907608695652,5.93013825254636,9.72401335121885,5.43213064878578
526,4,301.483870967742,797.634408602151,5.58672498218131,10.0560651062482,5.06225470017816
527,4,308.647696476965,1929.18970189702,5.71337498214505,10.3709635149898,5.11839942282541
528,4,311.467889908257,2548.24159021407,5.52389221063773,9.47895651817798,5.23378700032115
529,4,308.2,776.676,5.71041377225404,9.58047615099874,5.34927660514516
530,2,307.779661016949,3642.5197740113,5.68217596144869,5.68346446033365,5.66863331082602
531,4,313.463601532567,937.505747126437,5.35349105349926,9.92195919153784,5.61467904669435
532,4,307.862068965517,2573.51724137931,5.53159331931379,9.71598223843035,5.11399380708341
533,2,325.748308525034,4076.14614343708,5.28814400676623,5.82261342494834,5.14718760404128
534,4,309.673728813559,539.639830508475,5.52952997023534,9.47128087239465,5.505658752613
535,4,311.23,2326.88666666667,5.66890343389944,10.7998505052829,5.19356777534897
536,4,311.688118811881,5682.95544554455,5.69506471720558,9.872293666749,5.26253627566035
537,4,315.759322033898,409.993220338983,5.40006288138061,10.012635598302,5.33669026277898
538,4,316.687306501548,5569.66253869969,7.44930707768983,8.48166289866717,5.14857388540241
539,4,311.342592592593,599.703703703704,5.3348635662055,10.1427023774253,5.77911324386233
540,4,315.054455445545,899.178217821782,5.4274113293174,10.0423360343549,5.30861074217191
541,2,316.269230769231,1288.61965811966,5.82147687074002,6.67899770790908,5.68910260105873
542,3,315.179916317992,2098.7280334728,5.57172439346548,9.28898022936273,7.37084436741725
543,4,317.426470588235,3341.77205882353,5.81816102882604,9.70731432631943,5.00335394735375
544,4,320.215231788079,348.665562913907,5.58330956625553,10.0752165054867,5.40425718457651
545,2,316.93665158371,1373.01809954751,5.92395328596217,6.51968772570813,5.98592889160901
546,4,313.745762711864,5709.23163841808,5.80324427109477,9.93757997111797,5.47589605528579
547,3,321.991631799163,427.426778242678,5.60901189819378,8.15301858730748,7.60225719001579
548,3,314.683333333333,615.608333333333,5.75748120699014,8.48891202265334,7.63898069339127
549,4,324.760309278351,79.0386597938144,5.55673849832095,10.0237927199483,5.22204011219499
550,2,325.928746928747,4672.90171990172,6.10456286190139,6.11376914958855,5.18739953201726
551,3,319.591111111111,448.333333333333,5.76030282489455,8.0543291699622,7.05802414860925
552,2,322.642553191489,4409.91489361702,5.78788892721561,5.92296927216408,6.84473390426804
553,4,320.912820512821,3212.40512820513,7.67307522706129,8.73703200604725,5.10111642798696
554,4,317.872727272727,5800.73636363636,5.35949798350314,9.28696044589869,6.44744992362336
555,4,322.899262899263,5498.91891891892,6.34642487697263,7.46638216112295,5.04172755259513
556,4,322.210084033613,5742.09243697479,5.56938636253122,8.71593728044464,6.2288755800237
557,2,325.91610738255,1776.07382550336,6.26931870151585,6.42116928150024,5.59896866510776
558,4,325.873303167421,5845.32126696833,5.47435982414739,10.6579034913035,5.00364257614116
559,4,325.208888888889,1037.97777777778,5.26321969751026,10.3772553384468,5.22972917507184
560,4,321.366666666667,1070.24444444444,5.16287939565293,9.49050593276596,4.85998465481426
561,4,323.96644295302,388.06711409396,5.39545625762091,10.5558739084051,5.62576046821081
562,4,331.52380952381,635.391534391534,5.75508061912017,8.28822517108389,5.65451071305586
563,2,321.478260869565,3986.39130434783,6.42831596903682,-Inf,6.40802726857003
564,4,333.08362369338,973.247386759582,5.21410220320919,9.92828061049386,6.51520811594188
565,4,328.512727272727,1958.81818181818,5.22074886821987,10.7967913708334,4.8069972374063
566,4,324.757961783439,5643.88535031847,5.60800084615779,10.2290154498828,5.24292584344088
567,4,329.360946745562,1111.94674556213,6.45189961433353,10.6348007539346,5.23889394607724
568,2,335.926470588235,4531.50245098039,5.88985515710771,6.15184577668588,6.26402831616702
569,4,335.75,5853.74013157895,5.41814509402238,9.87833555401657,5.02867337960775
570,4,338.597647058824,2156.98117647059,5.11117952416615,9.72436510841419,4.97601949146087
571,2,334.957219251337,3976.20588235294,5.80753206780638,4.78896125076141,6.38089265630633
572,4,328.467741935484,365.274193548387,5.4366055727359,9.31523787723543,5.30810799126016
573,3,329.127272727273,574.709090909091,4.95428938431007,8.47551856077782,7.0822482927423
574,4,339.026041666667,2792.1484375,5.60888974243073,10.1789023053475,5.0367327459959
575,4,335.278996865204,1131.50156739812,6.61338001059052,8.54561490769686,5.29866213469488
576,4,337.675438596491,5554.76315789474,5.98843364276493,7.90685089211639,5.18318705929441
577,2,334.966346153846,5457.375,5.94949004575808,7.38092097094171,4.8611904049894
578,4,330.655462184874,5904.78991596639,5.37298040671184,10.3592785264394,4.87667163518898
579,4,333.878205128205,793.461538461538,5.6096361472274,9.86943313771859,5.33753807970132
580,3,332.333333333333,611.927083333333,5.74833085091727,9.26522305014477,7.45966286347424
581,4,334.024096385542,934.915662650602,5.33875374455913,10.09658964539,5.34509747978944
582,4,331.934782608696,2375.67391304348,5.47117398191469,10.8517630146497,4.80062969833249
583,2,335.176470588235,3528.1045751634,6.02923876461582,6.41649730253795,5.58496949702692
584,4,340.671532846715,5950.47445255474,5.56654592958701,10.42215316603,5.20018935175998
585,4,340.46,2344.205,5.14822095704882,10.8970044755762,4.88223357929173
586,4,342.336507936508,233.425396825397,5.38468435607047,10.1909772255279,5.12875219523617
587,2,336.210884353742,3350.48979591837,5.4916326915742,7.1183248702599,6.50194317190128
588,4,343.821292775665,1062.01140684411,5.58704926796463,9.43530097866926,5.13005619346695
589,3,345.502808988764,1744.32584269663,5.84395957265963,7.08789984237643,7.41187193098766
590,2,345.504731861199,4282.87066246057,6.39638797330691,6.04826669349642,6.66620197844698
591,2,351.19452887538,5242.8085106383,5.6060590509733,7.09898586709383,5.29907695640606
592,4,351.928888888889,2885.76888888889,5.1681580598236,9.46016064752961,4.49045743218893
593,4,340.615384615385,887.153846153846,5.41176051416845,10.1818581381074,5.15447660426465
594,4,345.433526011561,2373.59537572254,5.60378115449638,10.9218881002987,5.41956260993289
595,4,341.824324324324,2585.43243243243,4.60314110176131,9.78385678046032,4.94231787011894
596,4,342.945945945946,2980.10135135135,4.84726809819198,10.1433074929013,4.73750153452333
597,4,350.718309859155,486.37558685446,5.56468228510532,10.2755481523316,5.35963768665825
598,2,358.214285714286,4223.89382239382,6.203230881325,6.07071989410739,5.64792686839157
599,4,348.630057803468,1987.32947976879,8.40562074336819,8.552372846971,4.88520750469423
600,4,347.099447513812,2395.91712707182,5.4715275590583,10.4716202439176,5.07330743374296
601,4,349.129533678757,2827.30051813471,5.25224630020668,10.1296782699919,4.75680103938755
602,2,354.562841530055,3335.10928961749,5.55694409606694,7.64571386282765,6.44204841632828
603,3,348.643902439024,4007.67804878049,5.44825010411715,6.30483219527506,7.55633616713136
604,2,345.816666666667,4190.34166666667,5.61212395275949,6.29466619059277,6.54385189172923
605,4,346.13829787234,712.063829787234,5.56059979460646,10.1675320739753,6.04341586962838
606,4,361.174789915966,2103.39495798319,7.53432623344111,8.87700180850381,5.57820654810607
607,4,349.129770992366,5915.70992366412,5.40768510970996,10.4985391126659,4.96401833931484
608,4,347.578947368421,473.035087719298,5.05736262476303,9.40172743773553,6.91600188382732
609,4,360.832923832924,2290.49631449631,5.31666159119925,10.6945015592485,4.87637823751592
610,4,349.71875,620.046875,5.54871123235241,9.09529596566129,5.80112656950078
611,2,353.259398496241,3880.91353383459,5.74737956240928,7.23705091228212,5.32289994190903
612,2,349.068965517241,4871.74712643678,5.63712677134057,6.48468787968254,5.28588407062935
613,3,355.162241887906,1777.67256637168,5.79795676331238,7.63182356623463,7.23899471645907
614,4,360.519313304721,917.163090128755,5.50738810984857,9.88266562051763,5.15534857097305
615,2,365.150776053215,5159.54101995565,5.75709553134977,6.91036384710046,5.2396330728286
616,4,352.323529411765,5861.47058823529,5.48443074489944,10.5398332624647,4.76593758244706
617,4,357.085106382979,2419.89893617021,5.48150291169866,10.504152810637,5.02688551978807
618,4,361.908366533865,2807.45019920319,5.35746914424312,10.0879080007332,4.96267745277275
619,4,362.158163265306,1231.11224489796,7.27971988095273,8.07148309065756,5.03316861675206
620,4,360.502202643172,5695.69603524229,5.58298277891528,10.1359720110263,5.25372542595088
621,4,360.318584070796,5752.46017699115,5.83144119964783,10.6911600112208,4.97862392925816
622,4,360.723577235772,673.048780487805,4.86100914182066,10.2860972482565,5.01840987164339
623,3,362.876984126984,729.670634920635,5.64963074070254,8.09882736863552,7.45470846708174
624,4,373.771739130435,2881.5597826087,5.66480810796873,10.2687533964023,4.71893549956158
625,4,360.796116504854,2371.57281553398,5.44350987227028,10.4588677533425,5.10045824887479
626,4,362.029239766082,3264.35087719298,5.66401580352812,8.60149778947443,5.51248508279402
627,4,367.975609756098,333.864111498258,5.53943089057946,9.75155108619457,5.39943894543778
628,2,367.502369668246,1962.44549763033,5.47473686426114,7.77021120070179,6.23490312375315
629,4,362.38255033557,2459.30201342282,5.39621723475222,10.2089600139299,4.83926031570574
630,4,369.771428571429,462.1,5.57110785775166,9.96995440298324,5.47487831523481
631,4,367.726907630522,2489.17269076305,5.29926069657273,9.6473721169807,6.34322381442321
632,2,364.734693877551,3773.26530612245,6.14983372180851,6.06714926388451,5.79114526381624
633,4,363.47619047619,5645.53333333333,4.95569291044163,10.3674329869689,4.93803046516078
634,4,365.056603773585,5809.53459119497,5.62049201095715,8.6160602170973,6.37475692584822
635,4,363.860465116279,5963.68604651163,6.06172792898415,10.696674461461,4.93103822354585
636,4,364.237113402062,142.969072164948,5.75208160026924,10.3524304244544,5.26647554783537
637,4,364.040540540541,2923.62162162162,5.2778388352045,10.3131941034456,4.56940296212946
638,2,366.021582733813,4387.62589928058,5.73886717904825,6.8527823719229,6.8310140697963
639,4,371.236051502146,1011.55364806867,5.55485418587723,10.0093900886563,5.35620155414648
640,3,365.217391304348,266.326086956522,5.46558045946779,10.3327781600376,7.59663248660408
641,4,371.673913043478,1208.06956521739,7.19618163960014,8.26257355539637,5.33536180027872
642,4,371.702127659574,1037.99468085106,5.694072363175,10.1705962725679,5.31380845970859
643,3,375.514084507042,1888.05633802817,5.72416028401336,7.36190547084517,7.24648602963776
644,1,374.14409221902,4595.01152737752,8.83344759722398,6.77409213622156,5.16907482867083
645,4,371.995689655172,5557.36206896552,6.44066464422455,7.56222659793024,5.16259144948865
646,3,372.72905027933,3138.93296089385,5.76775344649998,6.87528691286629,7.44336126186337
647,4,371.145945945946,5724.01621621622,5.30628553619721,9.28152751896352,5.16626750140213
648,4,377.017316017316,1088.83982683983,5.6547195460172,9.15379246692498,5.01607501739207
649,4,373.22131147541,5638.85245901639,5.39075457084864,10.8146939054238,5.21858198869303
650,4,374.333333333333,152.58024691358,5.40401115999598,8.93437295333581,6.86084482852491
651,4,399.685305591677,2263.23407022107,5.47982584906352,10.4085303893434,5.07760907903984
652,2,376.693121693122,5194.24867724868,5.7491907614384,6.28832067873783,5.93752224454885
653,3,378.60162601626,3271.53658536585,5.54505040388992,7.99121953804195,7.5031327535163
654,4,377.495726495727,1947.7094017094,5.10309240491817,8.43089577860773,4.6733878282876
655,2,375.2,3933.28421052632,6.10788993643332,6.47747426120914,7.12966016873492
656,3,379.010928961749,256.546448087432,5.53584871854576,8.70033772459061,7.51185324004998
657,2,375.9,5141.1,5.41665580349612,6.23720094707483,6.4457991813157
658,4,381.627272727273,5835.66818181818,5.67532064627634,10.7097628098085,5.33764733946652
659,3,387.63407821229,413.536312849162,5.68290496820837,7.84963643530862,7.36096362584183
660,4,381.181818181818,745.850267379679,5.63013785324946,10.093268296939,5.76221953196253
661,4,379.314606741573,2377.33707865169,5.24388491004817,9.86897461679291,4.848248543569
662,4,385.752577319588,5708.26288659794,5.23564651603494,10.3572218251012,4.97027854070455
663,4,388.152777777778,360.645833333333,5.67108948356462,8.30951963801938,5.42844671140387
664,2,384.812030075188,1286.55639097744,5.56863143957552,7.30459431686146,5.28257378340786
665,4,381.333333333333,2335.43902439024,5.28994911687752,10.6785222671112,4.85025022530593
666,4,380.974025974026,5599.94155844156,7.66025507331034,8.89288881708269,5.21065642798961
667,4,393.34670487106,575.853868194842,5.45443908663459,9.7974534576392,5.24974995693659
668,3,382.444444444444,3687.58585858586,5.91273831257064,6.44442027404349,8.58645538690159
669,2,386.239520958084,4763.49700598802,5.9485195421119,6.18440813259537,7.06508140788072
670,4,389.099601593625,1737.80079681275,5.73553075796405,7.9100248496497,5.8909616254576
671,3,384.629032258065,2549.89516129032,5.3552539815989,8.76233935183311,6.86171978496458
672,4,384.114035087719,2565.73684210526,5.17162967024005,10.158264740721,5.30591997231085
673,4,392.882352941176,2798.11764705882,5.52500287302073,9.86234577649906,4.97640914613435
674,2,392.826732673267,4519.37128712871,7.17638699061929,6.55510334925641,5.86533848194728
675,4,383.157894736842,5995.9298245614,5.5438058902939,9.63574913630717,5.18620898899414
676,2,390.215946843854,5140.11295681063,5.52245709924963,5.66217575001974,6.31787206569809
677,4,391.475,316.795,5.45786062311928,10.1067887397647,5.1297803647247
678,4,395.590395480226,470.305084745763,5.45020155731018,9.5370724291879,5.38339302000905
679,4,391.251101321586,659.722466960352,5.47496943129386,9.76416623994165,5.35747940077639
680,4,399.123076923077,926.648351648352,5.50040563819271,10.0637419528892,5.26481740152386
681,4,389.016393442623,1810.91256830601,5.72835957122304,10.8808497366307,5.4435761715533
682,4,403.081455805893,2222.69670710572,5.50553582386635,10.5544184249734,5.16985357736558
683,3,389.986111111111,3734.91666666667,5.83149546855062,6.23862297462607,8.07414735797266
684,4,393.116923076923,2646.50153846154,5.12882394548515,10.0351424741512,5.03773151975796
685,2,393.112195121951,3539.63902439024,6.66109966795071,6.49170014765639,5.48597021517236
686,2,400.806390977444,4023.89097744361,5.43276938789544,6.35358843434381,5.17360838110053
687,4,395.922848664688,2964.07121661721,5.48869245979619,10.5327322114484,4.94344241250712
688,4,398.63082437276,428.89247311828,5.48548082635428,9.87182801662408,6.23206064759084
689,4,393.679487179487,1041.0641025641,5.64811615975245,10.371317948623,5.32522765586058
690,4,398.42641509434,5722.35094339623,5.6032599922349,9.99227237177031,5.16271374748207
691,3,394.870056497175,260.158192090395,5.51228904099728,8.42735501848669,7.16960224322357
692,4,394.2734375,1064.15625,5.89530635158995,10.5900983785353,5.30381006651471
693,4,409.440972222222,2308.03472222222,5.44026592619406,10.5184325939914,5.23453781657823
694,4,393.148148148148,837.240740740741,5.17949212131321,9.35117902917183,5.7156866466487
695,2,400.910112359551,4947.19850187266,5.92289293519336,6.6638881708283,5.47553854775007
696,4,398.322784810127,217.398734177215,5.48671221566189,9.96395788099053,5.0910674098744
697,4,401.784172661871,2348.55035971223,5.31258559314187,9.96505206260805,4.99233944470893
698,4,403.56,2535.25454545455,5.27872671678303,9.95575012247886,5.27225335948053
699,2,405.610294117647,4396.67156862745,7.7405919355235,6.57512027858727,5.18179731975005
700,4,401.366666666667,1852.53333333333,5.21021448499306,8.70931105180023,6.11864036914626
701,2,404.751773049645,4661.3829787234,7.14963845364391,6.64707647276418,5.03229037410575
702,2,408.181034482759,5390.36781609195,6.34961110883532,6.96287185873906,5.11647845188432
703,3,398.372727272727,526.118181818182,5.5595271186687,8.09330116383725,7.8610860263375
704,4,399.174311926606,1199.93577981651,5.8982370593794,10.5038661143654,5.1354745853715
705,2,409.085858585859,4080.21717171717,5.73337396571654,6.49319209038863,5.21010692385893
706,4,402.731818181818,5991.15909090909,6.17765172879794,9.41040509875242,5.16616165062289
707,4,405.196581196581,2132.62962962963,5.90270338839456,8.57807385553065,5.44512737211739
708,4,422.997159090909,2255.04545454545,5.52040922866735,10.4608765529546,5.11828296494673
709,4,404.40404040404,1825.62626262626,5.86776918166021,10.514932652792,5.60470595181879
710,2,402.8203125,3929.25,6.35062662992603,6.78875177229138,7.09410516946733
711,3,406.571428571429,4890.02564102564,5.76620107635889,6.25257415048652,7.76924706080634
712,4,411.351170568562,5802.24414715719,5.45937201380531,9.94458359645794,5.1590168561583
713,4,403.688405797101,1113.13768115942,5.90684161984787,9.20702619048656,4.9147839050627
714,2,412.377840909091,1707.74431818182,5.83324784706121,6.65879845896791,5.94260548851993
715,4,412.716049382716,294.822222222222,5.68580287599111,9.72020879703288,5.38422319437173
716,2,406.204379562044,3912.74452554745,6.97877140644189,6.81122026177941,5.98610348694243
717,4,411.176706827309,5759.22891566265,5.61207223299477,10.0897702962976,5.46933024062764
718,4,414.867403314917,5923.53038674033,5.54021218561046,9.96451768198348,5.0502809063424
719,2,416.091803278689,4791.68196721312,5.74198333207797,5.77836262259296,5.98123204530079
720,2,411.311926605505,5487.02293577982,6.3641426356512,7.43467726394935,5.18260786770095
721,1,420.377232142857,4378.52232142857,7.87235731889583,6.58445528125003,5.30388221118144
722,4,404.931034482759,736.068965517241,5.46514596159935,10.1070151349945,4.75774326738127
723,4,420.185430463576,1959.09933774834,5.50767090698271,9.0830123413533,4.77503404004538
724,4,409.204225352113,5649.52112676056,5.26644144523864,10.3816813621219,5.06863842148777
725,4,412.658653846154,511.346153846154,4.99346957172381,10.0169960808737,6.24390547739931
726,4,408.1875,2486.984375,5.2040925350401,10.2254572544697,5.08692095289208
727,4,412.643835616438,2186.52054794521,5.42247274966668,10.1900770763191,4.80844645038149
728,4,411.872093023256,2381.43798449612,5.46892654357602,10.4200966522749,5.11240798585555
729,4,418.569659442724,2667.98452012384,5.42060349195387,9.79128098664359,5.00265721727726
730,4,411.191176470588,73.3676470588235,5.60963338523136,10.1749163786798,5.06101150142132
731,4,413.454545454545,634.106060606061,5.63543874308169,10.1252926327398,5.24837881596254
732,2,419.94623655914,3922.6523297491,6.50472269376074,6.89879771681976,7.02576449375742
733,2,427.979591836735,5432.98979591837,7.79756373655183,7.86132508357328,4.97472609861361
734,4,426.12,5945.69818181818,5.60748514110924,10.1113923820755,6.14163067576767
735,3,418.14598540146,486.416058394161,5.50110923475302,8.69513656479841,7.11805169461386
736,4,421.978461538462,660.713846153846,5.60118736251215,9.9607408507633,6.51140694802019
737,2,423.143661971831,1362.64788732394,5.89549640441467,6.4249740244419,7.032932506344
738,4,422.551282051282,1152.02884615385,5.76953220109097,8.46863771124482,5.20030160688425
739,2,431.020912547528,1897.61406844106,5.91820880018332,7.24986612430672,5.37624611280319
740,4,423.541218637993,2474.40143369176,5.42406541115249,10.0790724606175,5.06481569515274
741,2,420.652941176471,4470.64705882353,5.8306051394957,6.58032906229328,6.84275861369687
742,4,434.245346869712,2751.47546531303,5.36697177128611,9.84264232686222,4.96130522108891
743,4,421.694915254237,1052.6186440678,5.64900407777329,10.5001028327187,5.13230280302878
744,4,423.937219730942,3211.43946188341,5.72579550050436,9.8673260654891,5.04596780949667
745,2,429.523160762943,3834.93732970027,5.81136939287328,6.8032784175946,5.45019610195111
746,2,435.480300187617,4565.63789868668,6.84880561386736,6.72972095413378,5.35375917340188
747,2,422.34375,5510.28125,7.30857070516495,7.54532643277296,5.38604680164445
748,4,431.905537459283,72.5211726384365,5.6021188208797,10.2438922516278,5.20135435577279
749,4,428.184331797235,583.497695852535,6.51422101856221,10.0126737822833,5.30268569169198
750,2,434.515625,4865,7.06251827130783,6.02134186657869,5.26090751279872
751,4,425.786666666667,5961.92666666667,5.57602485785261,9.95268937799317,5.0770054700628
752,3,424.835526315789,1835.41447368421,5.84360162363302,8.58761241360227,6.93649616889918
753,4,426.55737704918,1855.1693989071,5.60001954879812,10.4452085034269,5.47662358668225
754,4,423.761290322581,2832.87741935484,5.28434929796563,10.0740061252021,4.73625503988881
755,2,425.582191780822,3464.99315068493,5.78390947803914,7.07116627622257,5.3638934485482
756,2,430.594059405941,3631.78877887789,5.58529374451147,6.56240680113358,5.29650053559159
757,3,428.564516129032,1804.6935483871,5.70550142651908,8.18923333117556,7.47632624108838
758,4,434.611295681063,1820.74750830565,5.66717362999486,8.77721584602211,6.54840471319516
759,2,433.853333333333,3880.32666666667,7.23503059134434,7.04057141587225,5.49761894337668
760,4,433.561688311688,2500.85714285714,5.40990520536422,10.2365586035141,5.05100004123772
761,4,434.74531835206,993.191011235955,5.33688964133428,10.0977782351506,4.98882616073046
762,4,430.842391304348,1102.4347826087,5.42514153332992,8.3819721734206,5.10274536559915
763,4,443.328467153285,2019.03649635037,5.35016160402908,8.95292056060914,4.96839298889796
764,4,428.666666666667,2379.15447154472,5.51493560922732,10.1073514812268,5.25282663132038
765,3,430.182266009852,3593.97044334975,6.1995394697265,6.07873758936766,7.59078992341612
766,4,434.294478527607,5819.62576687117,5.49492796257285,10.7483173390583,5.19832754261269
767,4,431.289473684211,152.302631578947,5.81468026286337,9.92384987869283,5.22227432497398
768,4,436.875621890547,2447.91044776119,5.12771788180599,10.0208435207822,4.84446126832122
769,4,432.757763975155,1786.64596273292,5.69075806548416,8.90839053774122,5.52515594618318
770,2,429.65,4525.975,6.00616841347318,6.49420759468062,5.1124394935513
771,4,430.920634920635,5624.21428571429,5.62501981157344,10.3153964053215,5.14947663801744
772,4,433.747368421053,1018.92631578947,5.51855142623548,10.1867965242747,5.07049181914429
773,4,436.233490566038,2845.15330188679,5.47486363059867,10.1861385646939,5.05359839104633
774,4,437.829145728643,619.1608040201,5.76712681570779,9.79043026758265,5.23702983661435
775,4,435.825757575758,1173.2196969697,5.78366199885287,10.8086667796556,5.2109340195597
776,2,439.531531531532,4535.86036036036,6.70679625366864,6.60278956608333,5.55171920426277
777,4,435.021505376344,2325.34408602151,5.38823669771748,10.3432356449416,4.7842607222006
778,2,440.527472527473,4300.29395604396,6.18718043029372,6.42885504922865,7.01497724787359
779,2,444.668016194332,3479.09311740891,5.80479346385158,6.23980221454643,6.14246393948368
780,3,437.915492957746,4498.02112676056,5.9128175785523,6.07664032021937,7.28024604020154
781,3,444.117056856187,1572.90969899666,6.06988772949676,6.87262012161183,7.75073710192375
782,4,439.898058252427,1769.05339805825,5.67044989399508,8.46160453287236,5.3801881259907
783,4,443.544520547945,2776.82191780822,5.5581230392184,10.0211310046308,5.13200397885854
784,2,447.584569732938,4998.06528189911,5.99348772166135,6.79096470319675,5.31142104806314
785,4,454.689008042895,5990.1528150134,5.56536234835442,10.0937336148205,5.23753941528287
786,3,444.373134328358,886.940298507463,5.5599925302647,9.29777771544314,7.12607527533878
787,4,444.142156862745,2132.75490196078,5.70997242763428,10.1741541724091,5.12992772018753
788,4,443.647482014389,480.489208633094,5.69407120395489,8.4728608461753,5.35983875077409
789,3,443.383720930233,1809.03488372093,5.60810788737827,7.64935480364456,7.92839345539128
790,3,442.114583333333,3594.22916666667,5.9888569837009,6.81663319186154,7.92842104108283
791,2,456.726287262873,3725.17344173442,5.76114763215382,6.13670807999947,5.44852299264388
792,2,450.257839721254,1194.33797909408,5.80077005583179,7.92146230194411,6.25384221271859
793,4,452.731155778894,2243.01005025126,5.34826742251123,9.56471775391646,5.04069810811958
794,2,451.402777777778,3562.16666666667,5.44139506177264,5.92724696211922,5.23730349074136
795,2,447.700680272109,4883.13605442177,6.91885669491045,6.44577380777809,4.94498958428774
796,2,452.370629370629,5687.98251748252,5.16988782244841,8.15599655148954,6.35280603333401
797,2,450.094240837696,3935.52356020942,6.0028135158125,6.35745201551731,6.27597405302138
798,4,451.535055350553,5628.92619926199,5.96522853929867,9.2352255679472,5.32821645409523
799,4,451.461038961039,2645.87662337662,5.22028562254398,10.4977917130111,4.96773683063147
800,2,460.711538461538,5398.38186813187,6.06622281797574,6.50640395041519,5.17797955925091
801,4,454.594594594595,683.054054054054,5.41859578464478,9.61186619976632,5.08826344666473
802,2,463.726480836237,4041.63240418118,5.60231808873171,6.52755031169032,5.32442819624441
803,2,458.839335180055,4167.91689750693,5.94987038242657,6.51733569694619,5.07092310399723
804,4,456.413265306122,703.867346938776,5.46986682636008,9.88231550842477,5.35569542746561
805,4,462.649350649351,928.363636363636,5.37611980445236,10.2372902969494,4.91353780371784
806,4,457.814885496183,2077.69465648855,5.52963353771147,8.86105923680962,5.0142039823599
807,4,468.783783783784,5840.67567567568,5.64586701757456,9.15216856724563,6.93559652204597
808,4,455.535031847134,1082.30573248408,5.66743999333615,10.3564290514644,5.35616556366421
809,4,458.048780487805,871.569105691057,5.65868872236349,9.98068606923663,5.35047004765458
810,4,457.766355140187,782.841121495327,5.48316687801834,10.6659511036534,5.23852767645292
811,3,460.60824742268,1801.90206185567,5.69705889101319,8.58466105186749,6.71030333820202
812,4,468.375,2593.96944444444,5.52619414290271,10.0377634596076,5.12958637160591
813,4,457.614754098361,2451.09836065574,5.27614718470674,10.1651393943123,5.08880992761434
814,2,469.424437299035,4712.92604501608,6.48393544983935,5.427150238391,5.70345015792314
815,2,467.745614035088,4513.12719298246,5.78985286324612,6.4333419412477,6.96106736756605
816,4,465.920152091255,472.41825095057,5.53093679216636,9.88446653985174,5.34869959965743
817,2,471.061041292639,1276.26032315978,7.1631598748975,7.12640328263774,5.50820286038958
818,4,477.559479553903,5761.96840148699,5.43837827828914,10.295524679484,5.10452506715495
819,4,466.340277777778,719.784722222222,5.52882264263797,10.1365707085734,5.21704705382381
820,1,471.245614035088,1697.30994152047,9.02162014165046,6.57473322398426,5.42010795576559
821,4,470.435393258427,1128.87640449438,5.70007711641474,8.58140950475157,5.2899680006573
822,4,462.849315068493,290.027397260274,5.45144991573168,10.0640262006526,5.56818763691458
823,2,465.026315789474,3567.13157894737,5.81996579089771,6.90754473050257,5.23068634927142
824,2,485.966233766234,5370.22597402597,5.46124205786919,5.97990447976552,5.29796665570553
825,4,466.848484848485,1008.06060606061,5.37187053114485,10.3004028309546,4.97600202232312
826,4,474.384126984127,3268.17777777778,5.4558093966174,8.66662144560655,5.05563900921318
827,4,470.791666666667,155.511904761905,5.94770856515294,9.77954675744858,5.15291304776855
828,2,478.100817438692,5325.45776566757,5.77389975160672,6.90153159228697,5.33541362804661
829,4,472.783783783784,170.358108108108,5.64276926383532,9.04257559256888,5.39052075968266
830,4,477.628099173554,1212.02479338843,5.49171713983605,7.60774880445766,5.25272765397776
831,4,472.137614678899,740.917431192661,5.40750084060874,10.0395261778646,5.28418122317195
832,4,480.960714285714,2114.5375,6.76553317002015,8.2609465688171,5.00466512710975
833,4,471.228758169935,2764.65032679739,5.37358246542425,9.90541347453496,4.99946199349813
834,3,473.093333333333,3921.52,6.1333546581076,7.07849333869934,8.26279974209707
835,3,483.181818181818,300.896464646465,5.5887135554815,7.87867384050656,7.69017401189147
836,4,478.44414893617,336.704787234043,5.45034192760337,9.80958580861166,5.503816810349
837,2,483.650224215247,4477.37219730942,6.10513350123063,6.56310891787222,6.41083108625357
838,2,477.044444444444,3976.28888888889,5.74122097382857,6.45589713130426,6.55415496858905
839,4,485.135802469136,782.621399176955,5.6664978832655,9.49368031496412,5.34115214886599
840,2,484.037234042553,5144.86170212766,7.09097182522445,6.96711251477506,5.05410908863379
841,4,481.473404255319,2475.11170212766,5.60050804008865,10.3891759575753,5.32671354319196
842,4,486.446428571429,818.736607142857,5.50689100457851,10.3076679071304,5.92421998699489
843,4,498.932530120482,875.698795180723,5.42149412973426,9.76649005663965,5.21993893584757
844,4,487.727272727273,2284.16953316953,5.22172284300271,10.1589553828011,5.109631620853
845,4,489.20190023753,2413.66508313539,5.50763658442827,9.83439291984861,5.16635921825002
846,4,484.464516129032,1078.88387096774,5.78239487953718,10.4184283104145,5.28764774480913
847,4,483.482300884956,2735.04867256637,5.43482276164347,10.3409972729522,5.06561500064852
848,2,483.777777777778,3448.01169590643,6.95656772082043,6.12991619842382,5.43144663154646
849,4,483.957671957672,2644.88888888889,5.48416005374057,10.0543234474771,5.03554296507581
850,2,489.8125,4862.44140625,5.7350969152831,5.6155914248534,5.9141890033961
851,3,490.076271186441,2201.88983050847,5.29564430557629,8.38450922009695,7.55862578224829
852,4,492.164319248826,763.112676056338,5.59184499644554,9.9895235322277,5.37371223665142
853,4,490.203883495146,2445.97572815534,5.43514126979894,10.0035197961894,5.12558079463016
854,2,490.153846153846,4155.90688259109,6.39679469334267,6.66717310552781,5.43702259871567
855,4,483.458333333333,163.25,5.74487110029389,9.86246588530483,5.16359478855336
856,4,488.251748251748,934.58041958042,5.29351564693188,10.0970795659181,4.79602169266509
857,4,489.485549132948,977.907514450867,5.45302115514957,10.2288038619226,5.3022690857826
858,4,494.162962962963,191.87037037037,5.4797589066112,9.84983279763023,6.82625193720054
859,4,487.733333333333,1055.81333333333,5.57225542120756,10.3135969702342,4.95404142675229
860,2,501.494565217391,1388.98913043478,5.67238901945317,6.56959956088345,5.28826703069454
861,4,491.30612244898,579.30612244898,5.66673264605737,9.57555824477258,5.20807256730732
862,2,502.443155452436,1763.43155452436,5.70319452148985,8.57054304712532,6.56343328797417
863,4,497.114093959732,1792.09731543624,5.63396231954964,8.97757051868162,5.94240295348746
864,4,490.48275862069,2693.23824451411,5.31022115610833,10.1536214340194,4.69899736301092
865,2,498.780864197531,3924.61419753086,7.54741051858254,7.29950536550465,5.95447714073671
866,2,494.51832460733,3970.46596858639,5.950178876171,6.85899940741842,6.79451035980016
867,2,505.372463768116,4240.94782608696,5.60766520595822,6.43688634793452,4.96555707271481
868,4,490.782608695652,620.891304347826,5.54755233957373,9.85716130694648,5.15140492014404
869,3,496.81914893617,2014.02836879433,5.44666094419212,8.91316229098314,8.45961741890479
870,2,499.5,4454.97163120567,7.23466062186707,6.82805559757475,5.44488618507816
871,2,497.583081570997,4572.09063444109,7.38129682669721,6.36201707068959,5.76499219865125
872,4,496.820083682008,5734.12133891213,5.48621955690894,10.4015104825823,5.31072955538108
873,4,492.94375,2668.80625,5.38609927993157,10.0688017591042,4.89428872622583
874,2,498.160975609756,4501.15609756098,6.05672689158808,6.82713232169554,6.55720093869782
875,4,493.472727272727,1036.30909090909,5.56879547769898,10.1162780591916,5.06138601707613
876,4,503.28990228013,519.71009771987,5.47201060098654,9.24860692171653,5.05493786931299
877,4,497.191304347826,1088.47826086957,5.65477489554951,10.433729028043,5.13323761618859
878,2,502.874074074074,3654.85185185185,5.79907020751948,6.69092969020711,5.73151772863227
879,2,499.801369863014,1282.43150684932,6.68970149253709,6.76907562743124,5.01077227101586
880,4,500.281746031746,2590.0873015873,5.37472710936269,9.57644901168499,4.88238095857258
881,2,505.3,4104.49487179487,5.70759570785298,5.37417380923588,7.15148345441795
882,4,501.790476190476,417.078571428571,5.58641006896551,9.4584309053844,5.28572652881342
883,2,501.457055214724,1547.01840490798,5.85465873719956,6.61344186072529,6.80993950881859
884,4,500.082802547771,1813.28662420382,5.52748097744698,9.74818158778977,5.31229564670764
885,4,517.225730994152,2435.56140350877,5.3835396196431,10.2243513489363,5.17266794553596
886,4,499.526717557252,467.648854961832,5.53459565236921,9.91844159364183,5.28961549268924
887,3,505.414814814815,729.348148148148,5.60344362286536,9.03159640795866,7.50896990247581
888,2,504.758139534884,4547.74418604651,5.8230046121209,6.11537862028535,6.51278145600668
889,4,501.921212121212,331.830303030303,5.22287517138118,9.87292774642704,5.17268542685732
890,2,510.374149659864,1920.53401360544,5.60836231147966,7.36840620913142,5.27863514016664
891,4,502.745614035088,958.894736842105,5.4340666924759,9.75005671589876,5.06070561873885
892,2,511.067729083665,5501.54183266932,6.18696252455243,7.41440006365363,5.38057643332172
893,4,505.573913043478,2314.44347826087,5.17683728785089,10.1753044910153,5.07125309577008
894,2,503.251851851852,3565.6962962963,5.74191047325554,7.05059781766002,5.15153453904135
895,4,504.047169811321,1048.41509433962,5.6901363289745,9.89841527630313,5.26542376475529
896,2,504.870967741935,3954.76344086022,6.65586925880227,7.25016225112316,6.52228253348995
897,2,505.235294117647,4123.42156862745,5.61570100660673,6.32041557300253,6.67794741351198
898,4,508.78,753.2,5.60598587293193,10.0541864245808,5.61269005425286
899,4,506.244736842105,2477.62631578947,5.51408642458395,9.82200588242097,5.28094362921424
900,4,510.515418502203,611.621145374449,5.8302663309873,9.52900649543574,5.28201784729902
901,4,510.601449275362,5703.54347826087,5.49571195042405,10.9470093644341,4.9744322454323
902,4,510.224489795918,2606.59183673469,5.52387975881384,10.290873200903,5.06074194365616
903,4,508.90990990991,1005.47747747748,5.25688520092627,10.325647064901,4.98981954114894
904,4,510.972222222222,1112.375,5.66961747832034,10.792564806134,5.4880477526536
905,4,508.844155844156,2673.64935064935,5.28029886104536,9.69792196008083,5.86030510726703
906,2,517.481481481482,4693.63950617284,6.47076510346612,6.57665525282928,5.34876400632841
907,2,519.443333333333,4015.42666666667,5.68821752238515,6.16212110940847,6.79234442747081
908,2,526.159340659341,5402.2967032967,5.98412310410155,6.86119627776262,4.9954472778113
909,4,519.862068965517,713.310344827586,5.17637699423414,9.4192362386918,6.03438089865481
910,4,529.60736196319,2145.18773006135,5.71110935065615,8.00585455264497,4.90269932210124
911,2,524.430508474576,1721.96610169492,7.4090502058702,6.39088316338457,4.95768734576683
912,2,516.635359116022,3379.55801104972,5.86992099653157,6.16272143232804,5.61594705155376
913,4,531.930817610063,5978.28721174004,5.81494999634151,10.7384389783051,4.94325836694155
914,4,524.563758389262,219.758389261745,5.26752945355455,9.47611492218586,5.049662390159
915,4,530.065060240964,5547.67228915663,7.65353263099547,8.6928746793771,5.10607690009401
916,4,545.263250883392,892.86925795053,5.2978048677518,10.0911287833859,4.9816564178936
917,4,518.466216216216,975.959459459459,5.20608353102163,10.343263557956,4.7894043270406
918,4,527.460251046025,1806.93723849372,5.58319739979726,9.19846850577932,5.68919967313809
919,2,521.821428571429,1392.8125,5.81191592788087,6.56164928639264,5.20051748285866
920,4,521.093220338983,5644.30508474576,5.48370624818595,10.6035259762157,5.15221332159029
921,4,531.746478873239,565.467605633803,5.56349457239214,9.64600130077312,5.28973131590887
922,2,523.212121212121,3935.31060606061,5.68669283055746,6.35594981995687,6.07797232509069
923,2,522.027777777778,1129.90277777778,6.8560379180829,8.86979066710161,6.36091860040897
924,2,531.975609756098,4199.43631436314,6.50353330030732,6.21231821576832,5.14418023676448
925,4,528.858823529412,5998.37647058823,5.42219941243089,10.5956242227024,4.76408261989175
926,4,525.168224299065,538.607476635514,5.09099427094625,9.47581338661587,4.98788627437105
927,4,535.792022792023,1870.38746438746,5.34426806708469,10.3401030556047,5.0492896989252
928,4,525.995412844037,2571.01376146789,5.40164370457696,10.3484498881398,5.06858680144138
929,4,522.36,2736.97,5.21373939007274,10.6119151407493,4.52666795783313
930,2,532.065843621399,4445.13991769547,7.34500080643812,6.9520556613355,5.25599390245075
931,4,525.9,5516.8,6.43014949309629,7.78085083219048,5.05787222440357
932,4,533.282685512367,114.752650176678,5.93115734399017,10.4420311827761,5.27854724755738
933,4,528.884615384615,1030.41208791209,5.58498243851361,10.0170624791088,5.23565254681059
934,4,527.541666666667,656.7,5.60288728322444,10.0530003511426,5.31295964328491
935,2,538.868888888889,5075.98666666667,5.80885628255062,5.47833998651429,5.16247218807325
936,2,541.892271662764,5744.47072599532,5.42511507313648,8.10716758292049,6.40425250436539
937,4,534.629496402878,3613.18705035971,5.74575488632951,7.68128323955913,5.82610621155363
938,4,540.665306122449,5946.78775510204,5.28173160041772,10.2501884924843,4.92197506313195
939,3,534.699300699301,1122.16083916084,5.82498880756772,7.79444866241731,7.80356639921316
940,2,542.298192771084,4262.22891566265,7.60989951498686,6.55778756743397,5.29312317718078
941,2,539.687074829932,4144.24489795918,5.27334835521884,5.254194863309,5.83655961464974
942,4,533.333333333333,580.259259259259,5.60566589144728,9.01382522776925,5.14598601838713
943,2,545.136778115502,3986.16717325228,5.70650419800238,5.46430822544344,7.08707588351907
944,4,534.68253968254,5931.47619047619,5.3081105264775,11.0084237186185,5.81654410579434
945,4,540.553623188406,2509.06956521739,5.43175817535982,10.2317139809702,5.13404071242388
946,4,537.655462184874,1086.11764705882,5.56429500441404,10.6977044598325,5.31527363340509
947,4,543.31654676259,1777.30215827338,5.6391863979055,8.57534874982874,5.93688110548861
948,2,544.224199288256,3396.13879003559,6.65181552878665,5.87308969935468,5.25001640654215
949,2,539.355371900826,3543.04545454545,6.30573221859857,6.30593590379249,5.32153741792745
950,4,542.259459459459,1055.73513513514,5.55766252508373,9.94856530010104,5.14362149308469
951,4,539.491803278689,2713.66120218579,5.20187266363426,10.093588425747,4.68349641504956
952,3,545.824324324324,1133.95495495495,5.75287289404482,7.60594154380617,7.09927613392404
953,4,543.309623430962,5509.67782426778,6.20873313397917,7.51991020774928,5.22529666920556
954,4,542.405405405405,369.936936936937,5.18345236657865,9.63852148288363,5.1029927158497
955,3,544.815972222222,644.621527777778,6.46462616209413,9.04485216926556,7.38248081537333
956,4,544.5,946.929411764706,5.14014882198005,10.6157243034594,4.70347054315921
957,4,542.680327868852,2666.40983606557,5.44933081189624,10.0345557192369,5.13497842880423
958,2,548.93536121673,4157.21673003802,5.89221124217709,4.79889667406474,6.67371608322648
959,4,543.292207792208,5613.44155844156,5.55605054444839,10.4152814087125,5.17563598994758
960,1,555.358669833729,4491.72209026128,8.70065068236508,7.34937440138591,5.49530714328256
961,2,552.371900826446,4789.41873278237,7.4595118500105,7.06485791391039,5.45185392631915
962,4,549.84,77.76,5.98746656582068,10.1181612557416,5.19537614426079
963,4,547.74778761062,540.137168141593,5.49553480145592,9.83613019495284,5.34630653575464
964,3,546.869918699187,197.837398373984,4.94326711833631,8.9201054502799,7.20938836243575
965,4,550.078853046595,244.057347670251,5.4500226625466,9.60554634408863,5.20736862955151
966,2,556.904624277457,1356.5289017341,7.43685056374413,6.72609824123088,5.20899644073496
967,2,552.081730769231,1905.09615384615,5.3991628972916,6.99070794978653,5.29636835306999
968,4,552.888888888889,438.534050179211,5.83394050167718,9.67133964976045,5.28935257140035
969,2,558.203333333333,4519.31666666667,5.73747511562267,6.02982752071298,6.97282178571078
970,3,558.595588235294,5462.75490196078,5.4640810262107,7.28316538332977,7.41637847919293
971,4,558.374531835206,5875.6404494382,5.36313674711731,10.3168483735933,5.32782162383089
972,2,551.578947368421,3358.0701754386,5.14289394730691,6.16436688198544,4.71528255159755
973,4,563.388888888889,3202.68222222222,8.79078141046957,9.84307490825087,5.1702819544273
974,2,564.131016042781,4574.22994652406,7.19887328676153,6.69960570591264,5.28437028928048
975,2,557.820388349515,3509.05339805825,5.74634276329268,7.1130709509305,5.42051351953305
976,4,554.8,5599.38888888889,5.56426494685381,10.2028704854759,5.12462513645214
977,4,559.558823529412,689.710084033613,5.64344055097212,9.87945613937246,5.34584623141214
978,2,556.205882352941,3443.32773109244,5.56011586013764,6.6196977859288,5.50038319225935
979,2,560.312195121951,3598.37073170732,5.76237346620257,7.25945248867881,6.42159054015666
980,2,559.553191489362,3948.72872340426,5.89027675559551,6.4067658724032,6.94410772546914
981,4,558.040214477212,2700.42895442359,5.52069923375266,10.2891249445615,4.95688378110224
982,4,559.881188118812,1038.88118811881,5.38322256670755,10.3362236095115,5.20291807386239
983,4,562.081683168317,2578.77475247525,5.34069854095495,9.98807198729503,4.83573170061022
984,4,572.085271317829,5882.33333333333,5.40201370753735,10.2186275540692,5.18641092518642
985,2,570.123134328358,1926.91417910448,5.27146757817986,7.07001055432322,4.94070915142631
986,4,572.973282442748,1174.89312977099,8.52531432404186,8.99715707135106,5.27867922953938
987,2,565.9921875,1396.65625,7.21775290324768,6.64369817622209,5.20982762458795
988,4,568.587341772152,3041.10632911392,5.40120520741053,10.1584049758987,5.33015941493574
989,2,567.473214285714,4148.41071428571,5.95523578218183,5.84380318272047,6.68163856218851
990,4,574.769230769231,1959.99095022624,6.88372681231387,9.45264398769714,4.98121735674425
991,2,569.155778894472,3446.68844221106,5.69753182420103,6.66665626266331,6.07074933330611
992,4,573.42600896861,645.80269058296,5.75119080332906,9.74933212680822,5.3384646940698
993,4,572.694805194805,975.902597402597,4.62446338892277,9.93890640490965,4.58615945285316
994,2,578.701388888889,3348.01736111111,5.82935403093016,6.45856139499133,5.95711390035133
995,2,580.307901907357,4708.42234332425,5.76359253175469,6.16150045294238,5.14441642846641
996,4,580.16199376947,456.713395638629,5.40248090443147,9.06673041241723,5.1963432876591
997,4,577.609243697479,1095.64285714286,5.66275621090839,8.49081901873702,5.45440494488592
998,4,579.670411985019,2412.86891385768,5.4227118731325,10.4551420921467,5.20581597249161
999,4,586.654390934844,575.813031161473,5.76505788727303,9.21286918316766,5.093698060898
1000,4,576.728260869565,3081.17391304348,5.50771469606995,9.79125748092335,5.05838972539216
