Cell_ID,clust_ID,X_position,Y_position,CD45,e-Cadherin
702592,2,9593,19294,-566,234
819523,2,11883,23106,-527,811
810668,2,8962,22264,-815,447
712819,2,12242,18871,-461,667
704859,3,10319,19487,-1027,-856
707775,3,10916,16889,-241,-901
712053,2,12047,16619,-617,282
813007,2,9763,21590,-12,547
706698,1,10700,18833,217,-829
812793,2,9689,20178,-627,732
701013,3,8671,17603,-506,-842
708582,2,11103,16580,-884,469
700859,2,8584,19709,-125,693
814986,2,10328,22278,-1395,157
702119,3,9259,18963,-430,-901
700777,3,8535,17271,-357,-756
820911,2,12470,20349,-840,560
697909,3,3329,18424,-8,-676
814501,2,10187,21901,-1271,516
818396,3,11403,21377,-1201,-342
818176,2,11332,22990,-785,376
713203,2,12342,17610,-38,620
814172,4,10098,23291,-1004,-309
704346,3,10197,19627,-323,-934
820241,3,12172,21007,-393,-1354
706261,2,10620,18536,-827,675
815318,2,10419,20308,-967,732
809835,3,8553,22434,-393,-745
815113,2,10362,23670,-77,476
708153,2,10999,19025,-878,812
709906,3,11446,16920,-982,-21
809407,3,7886,20891,-77,-791
706966,2,10748,16318,-2192,630
817196,2,11019,23076,-762,392
819380,2,11826,22744,-1004,461
820779,2,12428,21806,-361,519
820145,2,12121,23493,-489,729
810765,2,9004,21756,-762,236
818079,2,11296,21417,-506,565
709618,2,11369,18144,-1163,356
700105,4,8216,19914,-485,-40
817815,2,11214,23026,-702,588
712596,2,12188,16386,-871,407
815845,3,10565,22833,-446,-1541
816957,3,10929,21810,-52,-81
817950,3,11254,21197,-718,-842
700850,2,8586,18992,-64,105
699043,3,5569,18928,-313,-735
819457,2,11855,20453,-423,733
815321,2,10423,22414,-953,500
810434,2,8867,21365,-235,172
812763,2,9683,20783,-2192,650
705471,2,10449,17910,-865,469
816150,2,10663,21236,-821,454
819841,2,12009,21985,-194,798
698993,3,5196,17829,-87,-634
699725,3,7670,18934,-1012,-856
706594,2,10684,16109,-1201,156
699902,1,8082,17546,296,-342
812541,2,9622,21931,-865,520
809491,2,8111,20158,-10,554
817270,2,11043,21380,-1154,266
711529,2,11910,17759,-891,519
709413,3,11319,17841,-540,-1079
699273,3,6916,16573,-241,-779
699540,3,7340,19411,-191,-735
813205,2,9824,22809,-1250,626
816088,2,10638,22674,-584,435
818215,2,11347,22173,-1586,610
809770,4,8509,20541,-1127,-581
812004,1,9444,23212,136,-642
699251,3,6769,18061,-651,-791
700537,2,8396,17897,-33,163
815145,2,10367,21751,-898,596
816606,2,10795,23196,-1084,276
711063,3,11766,18832,-265,-686
706528,1,10671,19312,608,-1104
699528,1,7328,18743,155,-553
699098,3,5824,17511,-361,-756
818494,2,11443,20750,-1556,449
809772,2,8515,20587,-833,694
710035,2,11483,17242,-1127,518
709655,2,11384,16496,-918,553
815651,2,10513,20105,-1292,380
700762,4,8530,19463,-1271,-77
810779,2,9010,22267,-1084,334
817255,2,11036,21510,-1445,713
815583,2,10491,21967,-911,456
702946,3,9777,19882,-287,-1469
710666,2,11657,18619,-768,605
813949,2,10027,23243,-821,636
817626,2,11151,20879,-953,835
816134,3,10650,22568,-333,-1630
820428,2,12282,21078,-333,499
700234,1,8267,17177,587,-434
816149,2,10655,21152,-1527,456
816498,2,10763,20976,-250,717
713007,3,12288,18239,-1420,-990
820659,2,12383,21170,-180,774
713120,2,12317,18793,-1527,344
712590,2,12185,17564,-911,531
815055,2,10347,20224,-1922,216
707865,3,10940,16071,-300,-705
819822,2,12001,23573,-453,563
813173,3,9813,21702,-745,-91
819827,2,12006,20350,-779,579
704256,3,10166,18058,-815,-1905
708224,2,11015,17911,-1814,517
702420,2,9477,19090,-827,411
707091,3,10779,16654,-651,-503
706318,1,10629,18987,658,-871
814980,2,10322,23226,-1118,476
811583,2,9295,22993,-1172,555
707480,1,10856,19199,414,-829
703977,1,10100,19656,21,-952
820522,2,12328,22402,-953,633
710000,3,11476,18143,-527,-240
819301,2,11793,22406,-340,91
700582,2,8414,19397,-646,574
701091,2,8721,18889,-982,510
814103,2,10080,20149,-884,516
820194,2,12145,22395,-330,710
705096,2,10364,18068,-535,207
708850,2,11172,17685,-911,344
813714,2,9971,20764,-656,184
817702,2,11174,20821,-1201,582
815138,2,10369,23498,-268,502
706968,1,10752,19216,83,-971
809223,1,7172,23092,389,-464
814071,3,10069,20999,-1261,-200
710734,2,11682,18254,-272,112
708251,2,11023,17503,-1945,566
702488,3,9529,19620,-651,-934
818602,2,11487,20753,-1794,522
711595,2,11926,17830,-566,405
709340,2,11303,18018,-1118,580
701027,2,8675,17695,-250,246
698008,3,3411,19525,-226,-705
819043,2,11666,21888,129,755
712108,2,12068,16122,-852,594
707259,1,10808,19447,794,-934
698271,3,3619,18960,-211,-567
708246,2,11022,17467,-1314,310
812522,3,9613,22381,-1633,-856
809666,2,8389,20512,-281,350
701648,3,9061,19597,-540,-659
706224,1,10608,19377,855,-934
810864,2,9045,22938,-686,454
702796,2,9708,18480,-617,826
814747,2,10256,22764,-852,398
820634,2,12366,22291,-535,546
705506,4,10458,17814,-1240,-202
818593,3,11487,21090,-1240,128
810170,2,8757,21645,-768,122
708879,2,11178,17161,-1513,419
699567,1,7389,18827,312,-346
698396,3,3747,18885,-553,-745
813296,2,9854,22116,-1201,436
814647,2,10225,23213,-686,396
697497,3,2643,17974,-967,-560
818399,2,11404,23366,-2073,475
709719,2,11390,18192,-878,580
711088,3,11781,16374,-372,-842
813799,2,9993,20156,-757,696
812687,3,9660,20084,-62,-602
814258,2,10126,21895,-840,333
701876,3,9171,18809,-281,-659
814879,2,10297,22663,-317,547
713190,3,12333,16884,-589,336
815445,2,10458,20421,-745,594
698285,3,3635,18712,-510,-429
709814,3,11422,18304,-1420,404
697894,1,3319,17852,107,-602
697869,1,3302,18391,211,-791
711772,2,11982,16377,-729,529
711994,3,12036,16156,-55,-634
708350,2,11043,16010,-989,611
711461,2,11889,17979,-1067,763
707264,2,10812,16744,-768,709
701964,2,9200,18550,-1314,738
698730,1,4380,16785,236,-553
700332,2,8304,19228,-1756,354
709595,2,11368,17951,-1667,597
712565,2,12184,17937,-631,353
816575,2,10783,23591,-1230,569
811547,3,9279,21890,-809,-486
698224,1,3571,18143,215,-871
811474,2,9262,21170,-389,610
814059,3,10067,22096,-1092,-1265
813366,2,9877,21219,-310,507
706432,4,10653,17042,-982,-1307
816104,2,10645,21908,-989,689
711408,3,11865,18619,-840,-464
818952,2,11630,23228,-1835,607
811508,2,9270,20934,-865,453
810899,3,9053,22752,-1499,-17
710232,2,11538,16330,-1485,599
699277,3,6918,18536,-411,-668
710095,2,11502,16385,-1220,434
711831,2,11997,17140,-1303,686
698084,3,3466,17133,-481,-816
704670,3,10272,18765,-946,-971
710435,2,11600,16114,-1004,787
813127,2,9801,20499,-718,566
815039,2,10342,22383,-617,744
815007,2,10337,23178,-575,354
820451,2,12292,21095,-171,455
815909,2,10587,20260,-676,596
700124,4,8230,18177,-702,-383
702094,3,9248,18777,-166,-735
706868,1,10729,19595,455,-829
698205,1,3555,16708,403,-724
710147,3,11512,17756,-1856,-871
813010,2,9762,22724,4,262
817481,2,11110,22289,-340,820
709886,2,11443,17945,-1101,349
819747,2,11978,21992,-713,776
818531,2,11459,23109,-840,621
707240,3,10807,19675,-226,-481
700613,2,8436,19081,-918,218
820336,2,12224,23101,-1210,610
707266,1,10808,19397,342,-650
813859,3,10011,23325,-442,-108
707077,2,10777,17247,-531,396
811088,2,9124,21275,-1035,320
711040,2,11760,18553,-1067,732
814190,2,10102,20943,-1240,471
819507,2,11876,20453,-469,617
708729,2,11139,16641,-1527,404
700103,3,8226,19741,-1084,-1010
815084,2,10353,22340,-1602,591
809079,3,6030,22268,-469,-560
712181,2,12072,17621,-1043,471
812678,2,9662,21775,-846,508
702967,2,9785,19278,-1136,743
812479,3,9605,20446,-214,83
818023,2,11277,20848,-1250,585
712302,3,12106,17461,-1172,-735
699222,3,6625,17636,-953,-1132
708570,2,11107,16235,-562,526
809712,3,8440,23885,-557,-779
699585,1,7399,18850,234,-401
712226,2,12090,18760,-1092,733
702212,2,9311,19238,-593,91
809161,1,6653,23903,177,-714
815049,2,10350,20157,-791,434
699851,3,8032,19810,-69,-1630
713051,2,12297,16969,-846,529
820556,2,12337,22013,-1737,643
816550,2,10778,22667,-1458,743
705954,3,10551,18734,-809,-934
708777,1,11153,16063,183,-1744
818918,3,11610,22037,-544,-705
810728,2,8993,20385,-229,455
704319,1,10185,19071,480,-650
815213,2,10392,23097,-607,372
817224,2,11034,23032,-544,545
703368,2,9950,19784,-566,750
699269,1,6902,16192,77,-618
705330,2,10417,18079,-865,434
818496,2,11448,22259,-400,583
814956,1,10314,22172,547,-350
808992,3,5302,23977,-287,-668
713664,2,12473,19898,-97,304
812390,2,9572,21834,-651,472
698524,3,3922,17577,-386,-803
702728,2,9671,18404,-1684,383
820399,2,12260,20121,-989,669
711846,2,11999,18080,-740,660
815027,2,10342,22290,-1191,196
817585,3,11137,20731,-757,89
699391,1,7153,18979,203,-574
698608,3,4105,16016,-38,-745
706517,2,10670,17472,-911,55
810797,2,9021,22532,-1383,339
698139,3,3487,18558,-631,-509
817043,2,10959,22412,-1282,380
704832,3,10309,18765,-12,-1541
813659,2,9955,20419,-925,437
711975,2,12025,18766,-607,166
819704,2,11957,22771,-382,404
712529,2,12172,18424,-1282,502
811735,2,9350,20704,-774,357
698990,3,5190,17682,-1617,-1079
812283,2,9539,22105,-1650,216
819599,2,11916,20445,-281,652
820925,2,12480,21972,-607,654
698579,1,4026,16053,299,-528
813947,2,10035,22484,-1969,383
702606,2,9606,19501,-220,436
713238,2,12355,17889,-1172,504
820909,2,12469,23450,-1230,728
810679,2,8973,23112,-982,436
713222,2,12346,16027,-1359,454
712958,1,12271,17135,190,-1228
699988,3,8157,19172,-865,-1630
812942,2,9739,21048,-974,381
700327,3,8306,19040,-636,-178
819802,2,11994,20970,-253,349
706322,2,10627,18488,-2451,587
812313,2,9551,21482,-340,716
698960,3,5121,19822,-317,-553
811956,2,9430,20161,-898,358
709878,2,11441,17392,-651,355
709672,2,11385,16236,-1092,495
703168,2,9877,19638,-898,737
712879,2,12262,17041,-589,515
812120,2,9485,20458,-1922,396
708102,3,10985,18294,-123,-856
697599,3,2986,16800,-2594,-971
808818,3,3530,21860,-1136,-934
809576,2,8237,20468,30,456
697898,3,3325,18933,-205,-816
816767,3,10861,21888,-2330,63
815125,2,10372,22570,-1201,565
808846,1,3713,22905,293,-419
817021,4,10952,20670,-641,-5
819179,2,11735,20889,-1250,459
711427,2,11877,16252,-627,618
815805,2,10556,22326,-1499,404
704493,3,10228,19197,-92,-705
711613,2,11935,18789,-1527,434
709980,2,11472,19114,-932,214
698742,3,4397,17031,-833,-886
700325,2,8303,19761,-351,199
810714,2,8988,22915,-840,393
809964,3,8656,21475,-144,-553
817581,3,11143,20992,-144,-547
710180,2,11525,17308,-858,406
707706,1,10907,19386,163,-901
820200,2,12151,23580,-821,607
706816,1,10719,19361,365,-735
706108,1,10580,18088,54,-856
700874,3,8592,18963,-310,-161
713011,2,12289,17277,-960,436
817480,2,11111,22042,-865,638
815861,2,10577,23356,-723,669
707156,2,10790,18737,-1395,530
817401,2,11084,23349,-1371,749
709697,2,11398,16691,-960,536
812191,3,9509,20491,-846,-560
812728,2,9676,22864,-1336,514
711702,4,11975,16754,-72,-335
820959,2,12490,23040,-2368,357
814841,2,10282,23234,-1127,325
818491,3,11441,22437,-214,-396
810307,3,8822,23074,-932,-362
712936,2,12269,19519,-566,481
814229,2,10117,22322,-918,476
820052,2,12086,20108,-287,575
817608,3,11144,21766,-575,-1055
702241,2,9330,19391,-506,245
705342,3,10423,17841,-2073,156
701853,2,9154,19751,150,195
712760,2,12224,18502,-803,594
698542,3,3955,18095,-180,-705
706296,1,10620,19267,312,-1032
814247,2,10112,21074,-925,279
809409,1,7883,20776,577,-588
816799,3,10874,23096,-411,-362
705397,1,10427,19453,691,-990
819275,2,11771,23759,-697,290
814394,2,10163,22392,-884,343
700614,2,8438,19462,-671,231
810547,3,8920,22443,-1325,-12
817320,2,11062,23740,54,710
816843,3,10884,22774,-1684,-388
817859,2,11224,22163,-1420,393
820864,3,12451,22114,-202,-952
818541,1,11461,23602,225,51
711291,1,11832,17581,6,-1905
812462,2,9597,23450,132,482
700133,2,8236,18097,-223,474
705732,1,10506,19324,521,-634
699333,1,7040,18747,91,-595
817501,3,11119,20957,-102,-1469
698435,1,3797,19122,572,-553
813970,2,10038,22155,-911,363
708104,1,10984,19264,385,-1905
820154,2,12126,20058,-426,884
817861,2,11219,23100,-1067,629
697868,3,3299,18230,-141,-610
698987,1,5166,17061,627,-459
810870,2,9045,22517,-622,351
708842,2,11169,18674,-1250,547
810455,2,8873,22221,-651,357
817942,3,11251,21679,-1292,-346
812124,2,9494,20393,-797,445
815380,2,10438,22145,-1051,708
817426,2,11100,22908,-2496,525
710587,3,11635,17915,-636,123
709831,2,11432,17232,-1051,463
809706,3,8440,23178,-540,-756
705586,2,10473,17839,-1667,352
814526,2,10195,20619,-1303,373
815856,2,10579,20702,-247,499
814131,2,10084,21535,-768,616
817461,2,11106,23426,-1127,584
704858,2,10315,18353,-871,494
703061,2,9832,19568,-1154,542
707183,1,10793,19192,519,-626
809190,3,6888,20927,-125,-756
813193,2,9826,20772,-197,492
810877,2,9048,21835,136,408
706794,2,10721,16864,-791,380
711815,2,11997,16157,-82,729
811176,2,9153,20293,-469,403
701868,3,9165,19617,-17,-871
811278,2,9191,20923,-656,629
697608,3,3012,19353,-247,-791
703031,3,9817,19589,-1348,-626
698667,3,4252,17141,-82,-454
701077,2,8711,19725,-117,618
701517,2,8985,19715,52,382
697708,3,3184,16630,-1667,-886
819335,2,11803,23154,-686,565
698586,3,4057,17849,-1012,-856
814675,2,10233,20215,-651,69
700585,2,8425,18932,-40,182
698861,3,4624,17254,-473,-816
813782,2,9987,20359,-1667,587
707385,2,10833,17378,-1994,394
813684,2,9970,21009,-584,502
812216,2,9518,21039,-878,637
712431,2,12138,17553,-2020,380
808772,1,3312,21739,573,-371
812489,2,9610,21466,-1027,299
712100,4,12063,16438,-232,-503
814874,2,10298,23373,-1617,393
706527,1,10664,19075,779,-886
698674,3,4275,17418,-681,-714
812925,2,9737,20718,-1084,682
818445,2,11427,22064,-898,592
707417,1,10840,19567,860,-668
813191,1,9827,21865,256,-288
709199,3,11263,16915,-1172,52
708473,1,11070,19237,39,-231
702244,3,9332,19777,-354,-528
709076,2,11234,18541,-1282,613
705091,1,10362,19174,392,-971
712281,2,12107,16416,-382,396
709966,3,11464,16277,-751,-305
699253,3,6797,18240,-217,-659
820463,2,12297,20433,-1076,568
700286,2,8286,19762,-442,520
702051,2,9227,19983,17,190
706399,1,10643,19588,947,-886
710614,2,11640,16834,-287,624
705225,1,10389,18916,507,-1079
705712,2,10502,18528,-884,290
708768,2,11153,18682,-469,380
699707,1,7633,19155,181,-503
706149,3,10596,18159,-918,-305
810225,3,8782,20544,-734,-668
709793,2,11417,18912,-1650,732
816873,2,10900,22329,-1794,499
814252,2,10120,21031,-891,644
813502,2,9911,20995,-1633,456
710059,2,11493,16447,-423,603
706622,2,10689,18282,-1856,552
815634,2,10506,21991,-461,579
700487,2,8382,17881,-220,248
711930,2,12014,19120,-1101,567
809463,2,8060,20040,-389,144
713145,2,12320,18979,-1076,760
709874,2,11438,16963,-1240,378
813719,2,9974,20424,-740,569
713207,2,12346,16837,-1210,390
809036,3,5706,23400,-278,-745
811934,3,9417,20413,-1076,-917
700422,1,8347,18934,224,156
708248,2,11027,16033,-1220,606
817924,3,11244,22850,-641,-1469
812894,2,9726,23014,-878,213
697615,3,3025,16812,-67,-470
819506,2,11874,21121,-580,778
711348,2,11848,17470,-593,628
713450,2,12408,18831,-1154,507
809151,1,6604,23737,313,-779
814098,3,10071,23242,-531,-714
706679,2,10696,18580,-1407,242
713200,2,12335,16210,-1499,150
704826,2,10308,18467,-1076,251
812868,2,9714,20291,-1261,516
697700,3,3177,16921,-535,-886
712615,2,12192,17968,-1325,448
810403,2,8856,21412,-60,262
818826,2,11573,23312,-946,531
810424,3,8869,21839,-2224,-1905
708572,2,11099,16454,-1020,654
815252,3,10402,23294,-666,-405
815846,3,10566,22936,-333,-1228
699529,1,7336,19802,269,-439
712416,3,12134,17958,-566,-1228
811220,2,9170,23022,-1261,613
819810,2,11998,22587,-1240,591
702962,2,9787,18272,-1458,654
706397,1,10641,19507,494,-735
711462,2,11886,18786,-1814,384
810426,2,8867,21545,-713,308
700923,3,8622,19570,-1856,105
817994,2,11268,22392,-622,716
713724,2,12492,19758,-1012,576
699156,1,6293,17356,389,-470
816509,2,10767,23187,-1154,542
701670,2,9077,19404,-1201,371
701805,2,9139,18364,-631,447
699223,3,6633,17589,-997,-1132
709113,2,11244,17997,-1756,647
810108,2,8730,22925,-729,486
709051,2,11229,17973,-1737,508
817959,2,11251,22150,-2020,390
712404,2,12132,16064,-681,342
711643,2,11940,17423,-1420,724
818697,2,11523,23657,32,712
697653,3,3134,18997,-911,-856
812694,2,9665,23173,-1348,309
702764,2,9689,18420,-1230,728
700595,2,8430,19656,-891,384
811621,2,9312,22451,-1118,390
813931,3,10029,20547,-125,66
809988,2,8674,21521,-294,441
815158,2,10375,20083,-1348,407
808890,3,4020,21027,-400,-602
699433,3,7204,19536,-22,-650
708755,2,11146,16682,-1556,358
700461,2,8367,19734,-489,191
700333,2,8309,19871,-226,379
816524,2,10774,21274,-751,592
702838,2,9723,18510,-1292,554
819525,2,11881,20906,-1110,428
817887,2,11232,21455,-697,395
816318,2,10708,21872,-661,549
712863,2,12250,16204,-656,580
707456,1,10851,17413,91,-401
814919,2,10306,23228,-904,499
698994,1,5215,17752,45,-567
701566,2,9018,19126,-713,627
820373,2,12248,20045,-891,583
700052,2,8197,19368,-1051,343
713317,3,12372,18808,-1527,-268
707990,3,10961,19153,-333,-475
699870,2,8063,19927,-400,252
708301,1,11031,18729,399,-610
706088,1,10580,18102,335,-424
818944,2,11626,22792,-774,414
810652,2,8961,21703,-932,292
813180,2,9817,20726,-275,481
709160,3,11252,16549,-932,-1630
814683,2,10244,23146,-1172,440
809598,2,8272,20467,-846,626
812021,2,9460,22250,-974,328
707371,3,10837,17901,-220,-1265
709331,4,11302,18475,-1240,-444
705657,1,10485,18922,799,-498
816603,2,10803,23074,-821,533
809656,1,8369,23336,208,-459
708815,1,11159,16440,372,-97
815409,2,10449,20931,-489,208
818675,2,11518,22365,-803,722
813605,2,9937,23040,-1145,328
814823,2,10284,20020,-815,577
818914,2,11620,23159,-1684,476
713471,2,12412,16718,-803,418
709559,2,11361,17899,-1076,325
703392,2,9955,19347,-603,421
810117,2,8739,21592,-593,289
819215,3,11745,22280,-681,195
711198,2,11809,17654,-1020,249
710190,3,11528,17516,-1145,-470
817293,2,11056,21094,-702,677
708904,3,11184,17335,-469,-695
712159,2,12079,17068,-553,393
710326,3,11570,16514,-461,-1265
702469,2,9522,19121,-692,758
814355,3,10149,22671,-497,-1079
710498,2,11608,17717,-1240,743
815747,2,10538,23556,-1271,479
699663,1,7506,19314,140,-454
708258,2,11022,16916,-446,513
713378,2,12391,18093,-1101,342
820717,2,12405,20062,-1145,202
810292,2,8810,21770,-757,463
700361,2,8315,19095,-1945,495
709843,3,11438,17891,-544,-323
704047,3,10114,18742,-180,-971
708743,2,11144,16735,-1835,367
814831,2,10280,23069,-514,514
810889,3,9057,22254,-797,-816
819088,2,11683,22115,-1182,550
808802,3,3475,21889,-493,-767
710486,2,11609,18770,-2368,456
706348,2,10638,18386,-1012,675
700004,2,8173,19604,-82,242
812310,2,9544,22974,-1314,343
700637,2,8450,18544,-751,382
710196,2,11532,17149,-1314,455
811051,2,9115,21395,-340,472
814392,2,10163,20864,-1250,106
697733,3,3202,19347,-518,-816
700928,2,8625,18873,-557,191
698862,1,4635,17083,129,-388
809634,3,8324,23295,-627,-816
710822,2,11704,19197,-1172,666
700583,2,8424,19844,-60,712
700891,3,8607,18770,-1118,-1407
813137,3,9799,21019,-809,149
712812,3,12236,19421,-1499,-106
702620,3,9616,19488,-259,279
698753,1,4419,19497,140,-498
709164,2,11255,17111,-1076,511
701069,2,8706,18978,-1314,109
706817,2,10727,16841,-612,547
813976,3,10039,22284,-1210,-449
817072,2,10974,22311,-797,726
810043,3,8696,21689,-686,-492
813255,3,9838,21624,-932,-714
812946,2,9745,22355,-211,338
706703,2,10702,17944,-1220,583
701434,2,8923,18992,-692,473
709675,2,11387,18855,-2020,285
811401,3,9236,22102,-627,150
706724,2,10713,18569,-1756,683
699061,1,5678,17576,111,-481
817373,2,11079,21105,-477,742
712386,2,12125,20002,-307,968
710218,2,11532,16943,-1371,721
712297,2,12105,18562,-1210,566
702998,2,9806,17860,-871,339
817740,3,11185,21456,-840,-261
704600,1,10255,19161,462,-1055
708368,2,11049,18939,-1092,632
712714,2,12217,19258,-1027,424
815818,2,10557,21844,-809,496
712234,2,12093,18471,-1395,135
810536,2,8922,23105,-1458,442
712399,4,12133,18671,-489,-163
709873,2,11442,18112,-871,721
812677,2,9659,20819,-1154,639
816417,2,10739,21994,-1059,778
813797,2,9992,22948,-389,539
708297,2,11035,17167,-1407,404
816974,2,10935,21119,-898,369
699667,3,7509,19265,-666,-934
712498,3,12157,17968,-656,37
709872,3,11445,17315,-898,-10
809793,1,8525,22433,275,-990
817510,3,11118,20794,-510,186
710162,3,11514,18211,-757,-756
812279,2,9536,22746,-702,572
699697,1,7606,19216,188,-481
809891,2,8587,20565,-762,278
705557,2,10474,18391,-661,575
810388,2,8850,20996,-636,475
708527,2,11084,18275,-510,557
712878,2,12251,16746,-1383,553
815182,2,10389,22174,-1325,622
702765,4,9688,19787,-160,-61
710183,2,11522,16916,-2101,251
819181,2,11738,21146,-287,727
698722,3,4362,17107,-275,-871
711050,2,11767,16904,-774,542
700633,2,8452,19814,-307,663
811271,2,9191,21125,-1004,536
700404,2,8338,19891,-313,355
698141,1,3491,19604,367,-271
817385,2,11085,22011,-967,538
709372,2,11313,16767,-1230,348
708866,3,11173,19239,-393,-1354
818350,3,11390,21644,-481,-168
817769,2,11196,23352,-1513,532
815262,3,10402,21227,-1027,-668
815964,3,10601,22974,-510,-1104
810934,2,9070,22477,-566,199
701621,2,9044,18958,-50,542
817853,2,11224,20634,-878,426
817583,3,11140,22257,-1012,-595
810891,2,9055,21761,-762,222
816512,2,10773,22840,-1314,640
698273,3,3615,17516,-152,-602
810031,2,8686,22896,4,477
708123,1,10992,18647,577,-886
813365,2,9872,22237,-404,408
698360,3,3707,18649,-411,-676
697641,3,3102,19052,-1004,-829
702127,2,9263,18494,-477,426
813795,2,9994,21925,-485,544
705982,3,10561,18087,-297,-1104
697968,3,3377,16883,-1684,-1307
809766,3,8505,21781,-389,-952
816456,2,10748,23022,-408,282
706151,1,10592,18948,684,-842
711866,2,12005,16299,-1067,443
812096,2,9488,21376,-241,617
707182,2,10793,18354,-989,579
708556,2,11091,18285,-400,348
708628,2,11111,16319,-779,641
709867,2,11433,17381,-762,297
713055,2,12297,18674,-1877,455
700770,2,8535,19629,-1556,226
812424,2,9576,22195,-2258,652
710007,2,11472,16413,-1084,578
810050,3,8705,22612,-497,-371
710825,2,11705,17674,-1163,472
812664,2,9649,20640,-1051,455
705766,2,10517,17830,-1336,218
702240,3,9322,19214,-953,-194
706921,3,10747,18733,-1556,-33
815272,2,10416,22315,-1395,283
700947,2,8645,17689,-404,553
820475,2,12307,20052,-1684,543
699549,1,7352,18883,359,-459
700587,4,8430,19964,-55,-366
709770,2,11410,16328,-1922,485
708052,2,10970,17163,-1059,198
819442,2,11847,22225,-797,454
817107,2,10983,21951,-1756,575
699170,1,6335,16742,728,-515
699382,3,7140,19332,-442,-842
705118,2,10372,19924,-1303,330
812745,2,9686,22459,-1617,352
703076,2,9838,19675,-898,775
810353,2,8830,22889,-589,245
817868,2,11226,20719,-1118,509
811329,3,9212,22285,-846,-1469
702129,3,9260,18642,-636,-1010
815212,2,10394,22522,-1314,377
811097,2,9131,22929,-1407,338
817796,2,11202,21995,-729,765
711489,2,11888,18444,-2368,544
707873,1,10937,19318,864,-626
810795,2,9010,21680,-361,615
697581,3,2954,16184,-617,-901
815422,2,10452,21765,-852,729
710091,2,11499,16725,-1092,591
820284,3,12191,22139,-1701,-444
811561,2,9294,20047,-571,459
707335,2,10829,18767,-641,438
703407,2,9952,19376,-1084,542
820759,2,12421,22205,-1261,671
699267,3,6897,16076,-304,-714
701362,2,8887,19115,-174,642
812839,2,9710,23174,-865,443
698925,3,4989,16256,-26,-547
811283,2,9195,22634,-1145,474
700137,2,8231,18120,-229,477
820547,2,12336,20311,-603,607
700922,4,8617,18999,-1230,-588
818544,2,11464,20257,-544,803
820750,2,12424,20312,-676,544
812590,2,9635,20725,-1969,453
711295,3,11835,16911,-785,-634
712572,2,12189,19083,-361,569
819745,2,11977,23791,-182,779
809762,3,8502,23794,-408,-610
710552,2,11627,18736,-1617,324
701302,2,8854,19379,-729,466
709357,2,11306,17379,-2046,221
819400,2,11832,22071,-265,643
809621,3,8308,23216,-718,-1010
700018,3,8177,18293,-1395,-1228
701056,2,8698,19197,-220,114
700894,3,8608,19345,-1035,-116
813374,3,9873,23512,-115,-1010
711821,2,11997,18459,-1136,699
819702,3,11958,22228,-946,-475
702616,2,9610,19828,-1118,304
712462,2,12153,16912,-320,692
814682,2,10235,22922,-1667,597
713722,2,12494,18713,-871,470
811471,2,9260,22527,-598,441
708462,1,11066,18791,190,-1055
820064,2,12089,22167,-840,449
699081,3,5728,19874,-762,-990
697469,3,2531,16759,-202,-1407
819744,2,11972,23558,-415,783
815617,2,10509,20412,-911,541
697947,3,3360,18443,-446,-724
708091,3,10985,18893,-67,-1193
813166,2,9816,22605,-607,209
815244,2,10398,23597,-361,710
810177,2,8763,22854,-827,389
817616,2,11151,23440,-1020,755
810775,2,9013,21610,-527,510
704274,3,10169,17996,-785,-1228
819388,2,11827,21061,-1230,581
809781,1,8519,23014,703,-375
698411,3,3768,18695,-337,-735
820813,3,12441,23657,-898,120
701837,3,9154,19542,-351,317
707185,2,10801,16012,-827,621
706613,3,10686,16398,-1407,-1032
713401,3,12396,18126,-548,-856
705612,3,10484,17865,-1485,-595
697943,3,3352,19411,-911,-856
708282,3,11024,16611,-1020,480
707313,2,10822,17181,-1756,593
708388,2,11042,17360,-1092,630
700945,4,8637,16030,-105,-791
811420,3,9238,22266,-1067,-252
707360,2,10831,17950,-1004,645
704187,3,10150,18084,-481,-1010
706314,3,10626,18823,-723,-705
809740,3,8481,22077,-87,-1055
819935,3,12037,23817,-707,-1228
809883,3,8588,21755,-105,332
816810,2,10875,21219,-434,88
809707,2,8440,20537,-960,675
698026,3,3422,18167,-259,-745
703735,2,10041,17951,-702,515
820334,2,12223,20025,-656,720
701514,2,8987,19437,-1136,272
698375,3,3729,17646,-94,-547
813371,2,9875,22128,-681,492
699070,1,5702,16236,153,-588
813132,2,9804,21041,-791,519
711505,2,11899,16961,-1220,214
705209,3,10389,19556,-368,-990
816347,2,10722,22743,-364,538
708851,2,11173,16871,-1067,579
707445,3,10851,18284,-87,334
810463,4,8881,23892,-791,-990
705103,1,10364,19479,519,-1010
713185,2,12332,17183,-997,533
710346,3,11574,16461,-535,-618
809238,3,7313,22510,-584,-901
709829,2,11434,18970,-1250,235
813644,2,9951,21814,-1571,316
813891,2,10011,22595,-676,281
710285,3,11552,18227,-932,344
709604,2,11367,17639,-1154,349
814802,2,10272,21000,-55,558
819458,3,11857,23549,-1556,417
709939,2,11454,17969,-1004,472
810729,2,8991,21125,-333,478
708682,2,11126,17172,-1719,528
818601,2,11483,23121,-846,769
817058,2,10964,21679,-1035,779
818089,2,11297,21703,-827,627
820497,1,12312,22325,111,-659
709582,2,11370,16428,-884,340
713013,2,12285,18599,-2594,268
698025,3,3427,18714,-313,-642
709450,3,11325,18651,-904,-419
810640,2,8956,22885,-1383,408
817838,2,11224,21825,-411,524
708449,2,11074,17054,-884,458
712630,2,12195,18792,-2130,427
704240,3,10166,18518,-74,-481
707302,2,10819,17338,-1136,537
710469,2,11604,16558,-259,725
815176,2,10379,22123,-840,353
712236,2,12094,16099,-1230,640
818249,3,11352,23730,-393,-856
819330,2,11807,21005,-1969,729
811761,2,9359,21112,-580,284
819948,2,12040,23474,-2160,419
711336,2,11850,16654,-1407,349
702013,2,9219,19491,-1136,353
708063,3,10979,17661,-723,-803
701190,3,8782,17531,-174,-1032
712002,2,12040,18642,-740,338
713729,2,12499,16016,-1043,496
711398,2,11863,17813,-878,580
698206,1,3562,17499,115,-756
710619,2,11643,18902,-1220,429
816236,2,10686,20983,-821,588
808993,3,5318,23980,-461,-528
810194,3,8764,22373,-1035,-95
710949,2,11740,18659,-1118,354
809619,3,8303,22360,-740,-1104
707343,2,10830,16074,-1513,540
809531,3,8149,20024,-1172,-151
697623,3,3040,19782,-430,-714
706470,4,10654,16091,-803,-705
711624,2,11941,17146,-815,689
710628,2,11648,17985,-762,617
817531,2,11134,22762,-489,658
711935,2,12018,18096,-1348,582
808967,1,4910,21907,121,-767
811294,2,9200,20900,-774,661
711181,2,11806,16910,-457,427
698147,1,3500,19584,785,-309
820190,3,12146,23998,-120,-101
809796,2,8532,21717,-344,400
700141,2,8228,19257,-287,280
819312,2,11794,20805,-612,338
699673,3,7527,19294,-718,-842
819435,3,11846,22052,-1541,-75
701155,2,8763,18851,-833,280
812958,2,9753,20950,-1182,527
713202,2,12335,16853,-1856,178
814621,2,10219,23240,-1201,256
697787,3,3248,19758,-141,-626
697567,3,2931,19770,-226,-886
808770,3,3299,22478,-238,-724
812754,2,9686,23109,-368,509
708520,3,11082,17564,-803,-1228
703595,3,10002,19351,-327,-350
710084,2,11497,17154,-1092,406
708231,3,11016,18578,-52,-1354
811033,2,9107,21417,-757,579
697571,3,2940,19853,-646,-714
711300,3,11835,16274,-502,-917
697990,1,3398,18307,17,-767
809527,2,8142,20164,-527,382
812494,2,9600,20470,-107,202
812112,2,9490,20325,-1172,575
701816,2,9145,19473,-1650,362
709851,2,11434,16314,-997,320
702837,2,9722,18140,-833,776
703575,2,10006,18272,-364,642
710034,2,11486,16710,-878,494
713288,2,12367,16046,-1292,414
818065,2,11289,22221,-1650,556
701667,2,9073,17862,-2224,267
698939,3,5061,16958,-493,-588
708672,2,11121,18256,-1020,736
704434,1,10215,18984,170,-1265
706771,1,10716,19602,348,-971
813745,3,9978,20112,-1775,-200
702118,2,9266,19830,-571,435
699031,1,5473,18793,85,-724
711294,2,11837,19227,-253,778
703667,1,10021,18360,662,-917
707821,3,10923,18904,-762,-952
701740,3,9111,19092,-803,-756
700519,2,8387,17869,-163,377
703115,2,9852,18428,-1420,774
709844,3,11431,18280,-1210,-14
817668,2,11166,20697,-666,752
710164,3,11516,18753,-1084,-791
709292,3,11289,18071,-815,-14
708513,2,11082,19140,-1191,672
819865,2,12011,23499,-465,676
709573,3,11356,18335,-1458,-61
700845,2,8577,19446,-1220,241
708912,4,11185,18034,-686,-1307
813977,1,10040,23395,150,-1032
713281,2,12366,16843,-540,502
814003,2,10049,20766,-1154,434
820817,2,12445,20419,-925,428
811125,2,9138,21424,-1191,686
705018,1,10344,18922,690,-1541
820011,2,12064,21071,-281,620
702738,2,9675,19449,-891,703
709365,2,11308,16259,-2409,703
810813,3,9019,22616,-898,-626
711557,2,11919,17428,-1684,493
711542,3,11912,18019,-815,-990
818859,2,11588,20873,-1136,694
817285,2,11047,21404,-734,387
700005,3,8169,17154,-762,-714
809276,3,7578,23093,-38,-534
817787,2,11199,21976,-925,317
710446,2,11598,16134,-598,557
818755,2,11540,20893,-1191,726
811128,2,9137,20304,-404,263
699151,3,6280,16825,-272,-705
812061,2,9466,22778,-253,271
711773,2,11995,17000,-584,389
810672,2,8967,21533,-477,275
817700,2,11178,21638,-514,250
809378,1,7830,20791,781,-429
710036,2,11478,17435,-1794,448
813650,2,9953,21267,-661,619
817082,2,10972,21080,-453,648
816503,2,10762,23023,-354,597
701491,3,8970,19173,-1059,-1905
818990,2,11640,22544,-397,630
708701,2,11134,17104,-707,433
814825,2,10286,22306,-785,631
709581,2,11364,18810,-974,526
713217,2,12345,16607,-692,257
702197,1,9299,18981,382,-574
816295,2,10703,23696,-932,828
697858,3,3285,19683,-1076,-871
814048,3,10059,20672,-612,-705
814572,2,10207,20806,-718,458
706633,2,10692,17187,-884,196
698429,3,3790,18297,-171,-610
701661,2,9071,19435,-1513,378
709178,2,11261,16051,-932,13
702760,2,9686,19386,-1127,527
820460,3,12297,22585,-821,-81
702213,2,9308,19392,-423,380
712943,2,12266,16183,-803,409
814943,2,10312,22592,-702,476
712954,3,12267,17499,-473,16
713457,2,12414,18905,-434,611
700086,3,8211,18274,-1240,-934
700493,2,8384,18524,-584,115
708679,2,11124,19231,-918,303
706155,2,10597,18373,-815,253
812539,2,9620,20967,-232,802
815389,2,10446,20082,-1485,426
819670,2,11939,21119,-1250,506
701731,2,9105,18635,-1145,583
698846,3,4594,17384,-506,-886
698423,3,3789,18848,-77,-735
818317,2,11377,22815,-1472,611
702279,3,9360,19380,-2130,-4
703161,2,9879,18633,-397,694
703049,2,9829,18413,-1513,529
705266,2,10404,18509,-1110,371
811753,2,9352,22570,-375,230
698135,3,3495,19628,-226,-547
820054,3,12079,22115,-918,368
708240,2,11020,17355,-1556,290
711296,2,11838,18455,-997,302
709472,2,11335,16194,-740,312
814329,2,10144,21942,-1303,519
698079,3,3460,17085,-884,-856
704865,1,10309,18928,246,-1265
816091,3,10634,22348,-1163,55
707471,2,10858,18650,-1110,485
820109,3,12105,22118,-803,-135
699112,3,6028,16735,-60,-602
701562,2,9013,19042,-256,371
705803,2,10518,17913,-1513,644
711043,2,11770,18574,-918,628
707929,2,10946,16517,-1035,541
809380,3,7838,20841,-686,-856
813754,3,9983,22380,-1445,17
697518,1,2757,16834,129,-415
817548,3,11133,22900,-1633,-40
700626,3,8444,19137,-1110,-952
698339,3,3684,18414,-557,-676
703914,1,10080,19671,330,-1079
809604,1,8281,22134,257,-574
698626,1,4151,16645,418,-424
707144,1,10783,19407,893,-735
812721,3,9670,21138,-865,-1407
702369,2,9433,19182,-247,372
713303,2,12369,18572,-1110,455
702966,2,9790,17922,-2160,376
708508,2,11085,17680,-1445,486
819262,2,11766,21126,-446,686
710839,2,11707,17929,-1191,595
811446,2,9255,21145,-846,28
701064,2,8702,17701,-593,528
710687,2,11667,17073,-1513,605
709070,2,11231,16744,-1261,261
698241,3,3587,19360,-123,-779
811241,3,9179,20304,-79,-1032
811318,2,9202,20229,-768,455
810185,4,8764,22592,-636,-4
700237,2,8270,19106,-1359,431
698401,3,3755,18581,-779,-886
818456,3,11434,21700,-656,-237
811406,2,9235,20543,-580,371
819750,2,11975,23388,-1210,705
820673,2,12388,22099,-636,687
814070,2,10066,20792,-1348,347
706360,2,10636,18245,-2293,378
812240,2,9524,21760,-347,518
812081,3,9476,20433,-1303,39
818332,3,11384,23847,-163,-745
812922,2,9738,20302,-1240,588
697874,3,3301,17234,-281,-803
710153,2,11518,18728,-2496,605
702385,3,9450,19426,-997,-1132
700709,2,8495,19647,-821,224
703937,3,10090,19506,-1513,-231
698365,3,3714,17990,-442,-686
697461,3,2512,16219,-1701,-1541
697690,3,3179,19059,-1136,-990
702350,2,9425,19159,-757,168
708739,2,11139,16759,-1101,581
708928,3,11187,18687,-871,107
708064,3,10977,17930,-191,-1630
818260,2,11369,22920,-656,601
705595,1,10474,18956,609,-459
705243,2,10396,18408,-997,775
813888,2,10013,20730,-713,370
812887,2,9730,21606,-354,551
813527,2,9923,22081,-1856,340
711767,2,11984,16667,-997,432
817777,2,11205,20117,-692,486
698179,3,3532,18863,-697,-756
820545,2,12338,20399,-1617,42
809747,2,8487,20561,-1556,442
813435,2,9891,20795,-557,570
704904,2,10321,18644,-1201,773
811058,2,9117,22737,-974,321
813277,2,9844,22328,-1407,177
711208,3,11814,17047,-646,-779
809476,3,8083,20235,-67,162
711906,3,12012,18260,-1101,-626
820732,2,12412,23248,-540,699
816372,2,10729,23168,-1994,298
810097,4,8719,23565,-707,-1354
814309,3,10133,21810,-603,1
809135,1,6506,20070,580,-459
814763,2,10265,22282,-1602,316
713383,2,12384,18415,-1922,471
811319,2,9204,20689,-229,576
698443,3,3802,18133,-155,-492
707353,1,10832,19745,433,-1265
707210,3,10798,18892,-1922,-1228
700540,3,8403,19351,-891,98
819885,2,12022,21079,-442,770
813036,2,9776,20496,-858,369
699340,3,7056,19404,-133,-714
819575,2,11906,21937,-1051,599
818856,2,11588,20695,-1059,630
713135,2,12313,17702,-1271,516
700991,1,8665,16484,336,-886
810972,3,9084,23981,-518,-952
713270,2,12357,16969,-898,423
713643,2,12469,16083,-1445,426
814416,4,10167,20231,-612,-106
809324,1,7699,20841,123,-610
820138,2,12117,23578,-1059,759
819303,2,11789,23665,-205,563
701520,2,8988,19537,-803,362
811080,2,9126,20693,56,511
707622,1,10881,19449,390,-574
703677,2,10023,17633,-548,110
810312,4,8814,21686,-307,-103
704918,1,10325,19206,356,-1010
699455,3,7237,18659,-911,-952
815043,2,10350,22454,-803,454
815000,2,10332,23469,-469,300
809454,2,8037,20011,-607,199
817332,2,11063,21583,-1969,536
705413,1,10431,19361,121,-901
709594,2,11364,18483,-911,685
705152,1,10375,18734,19,-171
817648,2,11163,22780,-1145,552
701827,2,9149,18624,-723,620
813358,2,9870,21576,-2020,394
810452,2,8874,20954,-313,360
706729,2,10708,16933,-1314,321
817485,2,11113,21978,-1445,308
713156,2,12325,18423,-562,402
820889,2,12459,21936,-1145,594
814369,2,10156,20843,-1240,75
702095,2,9251,19193,-858,207
809215,1,7133,23102,24,-610
710119,3,11502,18370,-584,55
810571,2,8923,22933,-1076,464
707690,1,10900,19188,541,-856
811208,3,9162,22582,-527,-1055
811353,2,9213,23138,-1261,218
699908,3,8092,19496,-131,-1132
809321,3,7691,20903,-297,-842
709291,2,11286,17446,-584,566
707251,1,10808,19055,1062,-745
819160,2,11725,20804,-1067,389
810161,3,8757,22802,-1136,335
700971,3,8651,17625,-2293,-1469
814569,2,10203,20356,-898,417
697995,1,3405,17465,434,-547
809711,1,8445,21695,339,-388
709427,2,11322,16558,-960,355
708996,2,11202,16453,-1027,664
818157,2,11317,23478,-1899,542
712801,2,12234,18044,-2130,357
710010,2,11475,17156,-1383,495
709429,3,11323,16860,-989,-567
711804,3,11989,16730,-846,-459
700782,3,8536,19074,-372,-659
713646,2,12469,18599,-1118,481
815297,2,10415,21829,-1499,703
818383,2,11395,23374,-1230,487
701899,2,9169,19798,-79,588
706971,3,10753,18789,-2046,-85
698281,3,3637,17347,-723,-816
818118,2,11310,20633,-1051,431
820442,2,12289,22971,-1336,651
809043,3,5776,22608,-320,-767
709137,2,11244,17132,-1101,699
815454,2,10465,21526,-307,528
700182,3,8251,17078,-337,-676
700470,2,8369,19432,-939,147
818518,2,11459,22495,-268,402
815010,2,10335,22246,-1650,496
706860,1,10734,19155,428,-1055
708883,2,11180,17015,-1067,520
815471,2,10467,21213,-891,556
709951,2,11460,16997,-1027,450
712042,2,12045,16981,-707,665
810554,2,8921,21317,-72,363
818462,2,11436,23568,99,603
703298,2,9917,19269,-1407,433
698581,1,4031,17790,45,-610
702235,2,9322,19094,-797,4
701112,2,8731,18860,-465,473
711289,3,11834,18519,-307,-31
699786,1,7896,16368,179,-588
699950,1,8129,17523,486,-429
707148,3,10785,19521,-8,-917
704634,3,10263,18990,-217,-1161
708256,3,11025,16752,-745,-379
810099,3,8720,21857,-827,-1104
819685,3,11947,22796,-791,132
820409,2,12272,23140,-1051,635
700729,2,8500,18593,-1617,365
817686,3,11169,22070,-911,-1744
700728,3,8501,17735,-79,-312
700326,3,8299,18932,-205,28
810392,2,8850,22347,-1092,365
810141,2,8749,21759,-751,564
815977,3,10610,23154,-22,-871
814420,2,10163,23329,-589,538
706431,4,10653,16430,-617,-779
699984,3,8161,19546,-797,255
709232,2,11268,16192,-768,322
816305,3,10707,23406,-548,117
812287,2,9547,20660,-1101,221
815227,2,10397,22430,-1240,462
811783,3,9367,20019,-612,-724
814099,3,10074,21238,-330,27
707957,3,10949,19096,-1383,-756
711566,2,11919,17094,-1145,541
707107,2,10781,18760,-1012,314
701958,2,9197,19516,-1043,301
811809,2,9376,22294,-809,277
708023,3,10968,19294,-197,-901
709488,2,11336,18825,-1271,583
701843,2,9151,19756,140,556
809307,3,7664,23079,-262,-816
818671,2,11516,23204,-1043,940
817661,3,11165,21025,-718,-464
812971,2,9748,22290,-898,221
713379,3,12393,18752,-473,-1265
708184,2,11008,17011,-939,485
709938,2,11456,16104,-723,558
711802,2,11994,19526,-833,721
818267,2,11372,22041,-1101,724
712537,2,12170,18510,-1163,557
819884,2,12020,23647,-1336,634
703230,3,9905,19582,-1458,-1132
811741,2,9350,20863,-1633,594
712011,3,12039,18447,-523,-503
819587,2,11915,20965,-1261,755
816257,2,10692,22281,-1485,425
814695,2,10238,22896,-1445,395
814115,2,10081,22278,-1172,401
710827,2,11707,18305,-1794,288
706295,1,10621,18914,849,-791
701319,3,8856,19286,-1154,126
713030,2,12292,17867,-1945,599
699847,3,8028,17651,-840,-901
699308,3,7003,18416,-26,-816
711041,2,11764,18875,-925,577
709964,2,11462,18104,-1261,725
699242,1,6719,16579,222,-338
708735,2,11146,17589,-821,542
810621,2,8942,22865,-2543,337
814557,2,10195,23235,-1602,271
699632,3,7462,19657,-713,-842
811163,2,9150,22427,-408,185
710103,2,11499,18739,-1994,585
701129,2,8748,19057,-603,272
701144,2,8755,19578,-852,305
818484,2,11439,20766,-1737,647
820181,2,12142,21049,-718,726
710609,2,11640,18248,-1012,276
812010,2,9450,23032,-84,856
818958,2,11628,23528,-686,369
810560,2,8926,22392,-1118,448
698529,3,3928,17844,-1348,-1407
814991,2,10329,20763,-333,521
820585,2,12347,22506,-548,666
819083,2,11686,22194,-1191,286
815688,2,10522,21657,-489,545
701724,2,9106,19189,-713,347
707669,2,10898,18150,-1110,598
701059,2,8702,19583,-357,180
707096,2,10781,16523,-1076,463
817799,2,11205,23493,-1020,669
815223,3,10391,23473,-481,-735
814045,3,10057,22254,-1371,-246
713153,2,12325,19255,-904,642
809839,3,8561,22583,-1261,-1407
700784,2,8540,19363,-361,429
700921,3,8617,19513,-1271,-1010
808966,3,4914,21642,-514,-567
814604,2,10215,22563,-622,447
817460,2,11105,23398,-1541,702
700518,3,8386,18733,-449,-1055
815508,2,10481,21030,-291,447
814292,2,10130,20676,-607,374
702156,2,9288,19199,-531,403
818341,2,11391,23591,32,741
812795,3,9692,21986,-1336,183
711608,2,11935,16675,-540,589
815655,3,10512,21182,-925,-492
698193,3,3545,17404,-67,-779
707741,1,10909,17412,113,-1010
701944,2,9194,17965,-147,494
819989,3,12058,22238,-1292,-309
711993,2,12031,19143,-757,556
707436,1,10849,19779,261,-1407
810485,3,8889,23152,-1250,396
706778,3,10714,18802,-337,-1079
818973,2,11637,22775,-815,353
820318,2,12214,21919,-1043,557
701701,2,9091,18494,-734,623
707178,1,10792,19106,547,-1161
810253,2,8791,21723,-636,359
708413,3,11055,17570,-12,-278
707338,2,10827,16193,-904,591
711466,2,11884,18946,-803,492
815600,2,10501,22128,-617,353
709547,2,11354,17110,-871,556
814702,2,10241,22267,-1163,556
706973,2,10754,18373,-1899,443
814724,2,10253,20686,-946,550
813624,3,9943,22950,-1458,-528
699038,1,5537,19999,87,-470
697757,3,3227,19071,-523,-642
704413,2,10203,19959,-168,635
711388,3,11862,17181,-891,-5
816041,3,10621,22883,-89,-901
705912,3,10542,18758,-188,-871
809457,3,8044,23438,-434,-791
703172,4,9879,19354,-1220,-610
698301,3,3657,18800,-575,-871
701359,2,8884,19581,-1282,401
816367,2,10719,23460,-898,171
817939,2,11255,20925,-1433,331
818048,2,11285,21391,-718,618
816940,2,10923,21027,-562,268
700031,2,8191,19259,-87,319
704758,2,10288,18735,-430,729
711026,2,11759,17361,-1110,407
701061,4,8695,16056,-354,-714
710311,2,11564,16387,-1101,550
809432,3,7978,22362,-185,-791
810855,2,9043,23053,-1348,383
699346,3,7069,16142,-368,-735
818186,2,11338,23583,52,684
811953,1,9432,21983,117,-917
712156,2,12081,18430,-2594,530
809916,3,8613,20587,-617,-186
701440,2,8934,19091,-535,33
819343,2,11803,22687,-1794,661
700885,3,8598,18860,-932,-952
812709,2,9667,22889,-1261,458
699036,1,5517,16297,356,-396
705795,2,10524,18244,-1336,172
818022,2,11278,23206,-797,551
809733,2,8472,20542,-1458,298
818390,2,11402,20890,-1043,421
706364,2,10642,18485,-939,36
700514,2,8393,19422,-751,240
809735,3,8477,22459,-415,-714
812264,2,9534,22963,-1371,630
702181,1,9291,18952,482,-705
713679,3,12477,18126,-506,-342
712209,2,12089,16603,-1407,658
813704,2,9965,23065,-408,373
820360,2,12239,20488,-740,485
707543,3,10865,19480,-379,-1104
820264,2,12184,22981,-1371,441
708826,1,11160,18543,472,-1407
810370,2,8850,20963,-571,417
700020,3,8178,18319,-1172,-1132
713661,2,12475,20000,-1101,459
811746,2,9356,22659,-1043,105
812746,2,9678,23093,-372,359
702943,2,9777,18470,-580,923
808860,3,3772,23780,-217,-705
704394,1,10206,18711,622,-1541
697920,3,3345,16762,-1092,-856
819238,3,11752,23618,-1201,-106
713351,3,12382,16903,-865,487
819096,3,11685,23004,-361,-197
707887,1,10936,18890,466,-1265
813889,2,10020,20967,-518,808
711055,2,11768,17083,-821,573
702030,2,9222,19372,-1433,570
698679,3,4287,17757,-1067,-1032
711789,3,11995,17716,-575,-560
701196,2,8783,19252,-1110,162
702028,2,9224,18097,-351,494
816337,3,10714,21157,-803,-108
700542,1,8402,16889,68,-791
704110,1,10133,19082,624,-1469
708437,2,11070,16455,-1035,545
819423,2,11851,23773,-846,265
710995,3,11746,16454,-681,-842
704929,1,10326,18918,222,-1744
709256,2,11282,17013,-535,456
707227,1,10812,19811,103,-901
705967,2,10556,18324,-1172,432
704382,1,10206,17896,87,-1010
709583,3,11363,16594,-1027,0
812071,2,9474,21129,-1420,826
699684,3,7576,19973,-208,-503
709576,2,11355,16408,-1794,419
701916,2,9180,18482,-1191,200
698034,3,3430,18734,-337,-650
818440,2,11429,21071,-1922,305
712559,2,12182,17601,-1230,642
711447,2,11886,17079,-827,228
699811,3,7964,16887,-656,-767
706195,1,10604,18665,668,-695
698979,1,5154,17749,60,-492
818055,2,11288,23400,-1250,461
711736,4,11975,18465,-1922,-222
820795,2,12435,23262,-661,682
812871,2,9720,23048,-692,433
710487,3,11607,19159,-584,-71
699542,1,7345,19387,113,-686
703009,2,9813,18294,-1220,527
713331,2,12383,19201,-1945,701
703713,3,10032,17809,-636,-59
819267,2,11775,22470,-562,587
820870,2,12451,22749,-357,634
813638,2,9947,22783,-217,518
712291,2,12109,18142,-1472,734
820657,2,12381,22025,-946,685
809971,2,8664,22905,-434,103
819687,2,11948,20962,-898,458
815273,2,10409,22350,-1127,443
812304,2,9543,20517,-656,386
708045,1,10973,19428,451,-1104
809570,2,8221,20381,-1059,328
710639,2,11647,18948,-1101,654
811843,2,9389,20751,-1271,592
809933,3,8617,21020,-904,-886
698837,3,4577,17423,-191,-705
698150,1,3499,17593,234,-528
712702,2,12209,16310,-1420,489
819470,2,11858,22767,-852,569
814742,1,10255,22172,199,-509
813425,3,9884,23149,-1499,-1744
818377,2,11404,23435,-865,334
701665,2,9077,18281,-368,637
711374,2,11862,18865,-729,402
813593,2,9936,21370,-1602,802
697562,3,2916,16151,-1303,-1193
712001,3,12038,17480,-803,-745
817446,2,11101,21475,-1303,509
706434,1,10648,18695,605,-816
712716,3,12219,16198,-757,118
590100,3,2678,16001,-1163,-659
814650,2,10226,20474,-426,519
699271,3,6904,18350,-434,-695
706168,2,10601,18227,-1472,163
701071,2,8710,18643,-1814,257
698867,1,4657,17799,366,-388
704731,1,10279,19170,668,-1010
818328,2,11386,20211,-489,812
820695,3,12395,23153,-566,173
811408,2,9242,20840,-622,486
708624,3,11104,17827,-1059,-375
712750,2,12228,18434,-502,461
700619,2,8439,19802,-548,221
818142,2,11318,21004,-1271,308
817598,2,11145,21908,-593,399
709094,1,11233,19014,390,-1407
818470,2,11437,20910,-1969,583
701675,3,9077,19070,-2101,-1265
813544,2,9925,21936,-1458,454
702937,2,9773,17906,-1395,719
701215,2,8801,19058,-473,133
698326,1,3669,19528,140,-521
699317,3,7010,18807,-22,-695
701132,2,8739,19618,-840,478
815660,2,10523,22938,-426,369
698217,3,3567,18866,-304,-595
817246,2,11037,22962,-891,369
820652,2,12375,22665,-723,374
698875,3,4730,19807,-26,-464
700320,3,8298,18656,-235,-803
809833,3,8553,21565,-485,-1161
711192,2,11807,17721,-982,557
817326,2,11064,23095,-571,445
809257,3,7492,21381,-347,-756
709191,2,11263,16314,-1877,394
697645,3,3110,16248,-375,-791
813223,2,9833,22124,-809,548
707533,3,10866,19034,-1,-842
704511,1,10233,19105,544,-952
709635,2,11375,16346,-1756,378
819475,2,11863,22493,-1617,737
697957,3,3364,17068,-535,-714
810364,2,8840,22795,-918,396
817494,2,11115,21682,-1513,224
707033,4,10769,18433,-1325,-26
702935,2,9777,17825,-1814,361
819586,3,11912,22218,-1012,-1630
816046,3,10632,23460,-967,-498
707565,1,10871,19152,674,-1032
820174,2,12139,23057,-523,443
701540,2,9002,18736,-548,494
710833,2,11704,17218,-1210,525
810444,2,8869,21027,-757,655
710112,3,11502,18244,-197,-901
811893,3,9415,20974,-651,-93
817886,2,11229,23486,-827,640
706689,2,10700,18182,-1136,419
707522,3,10864,18911,-188,-971
820044,2,12081,22435,-740,422
817454,3,11107,20509,-393,-17
816665,2,10819,23413,-1303,697
819231,3,11755,23531,-566,-553
813628,2,9946,21066,-797,417
705710,4,10507,17681,-1191,-626
711627,2,11942,17820,-852,472
811367,2,9224,21161,-734,487
712533,2,12171,16429,-110,517
815392,2,10441,21418,-1336,585
812969,2,9753,20744,-430,599
809771,3,8511,22764,-1191,-1055
814532,1,10191,20436,220,-1407
812392,2,9565,23056,-1433,699
811570,2,9289,21486,-1336,667
809734,2,8476,20601,-768,463
820495,2,12309,20355,-430,327
711950,2,12021,19563,-497,688
713052,4,12300,18181,-1617,-10
701241,2,8818,19316,-514,431
809592,3,8262,22507,-364,-779
712624,2,12202,16340,-884,494
708607,2,11107,17354,-1541,632
712991,3,12282,18822,-1154,-214
699686,1,7586,19214,418,-335
699492,4,7278,16606,-686,-1905
709387,3,11312,17184,-1230,141
705546,1,10460,18662,410,-1055
811282,3,9187,22615,-1051,-856
817526,3,11134,23523,-612,-1010
711386,2,11865,17531,-562,337
699371,3,7122,18625,-575,-971
811110,2,9137,22872,-1314,561
818171,2,11331,22839,-1292,742
710648,2,11647,17468,-1348,556
820809,2,12444,21993,-884,453
701324,3,8863,18815,-400,-610
811564,2,9293,22239,-1182,424
713382,2,12396,17063,-671,359
819894,2,12016,22088,-713,531
713654,2,12469,16826,-827,556
704743,1,10285,19031,515,-871
815521,2,10484,22805,-858,460
812219,2,9517,20239,-1059,507
711460,2,11886,17107,-1383,582
811772,2,9362,20486,-469,294
812635,2,9642,20453,-238,703
700474,2,8368,19768,-1556,53
709667,2,11385,18429,-1420,469
707228,2,10806,17791,-598,456
701148,3,8751,19354,-1359,-509
699493,3,7279,18732,-272,-714
813204,2,9825,22071,-989,609
711146,3,11800,16084,-485,-779
699350,3,7081,18615,-646,-901
700297,2,8294,18152,-1067,309
811685,2,9327,20029,-330,417
709231,3,11269,18835,-160,-695
698409,3,3768,17311,-553,-735
816891,2,10901,21528,-275,610
813293,3,9858,21174,-852,-1010
816183,2,10670,22649,-174,336
702322,2,9403,19451,-180,241
710846,2,11709,18179,39,569
705364,3,10416,19801,-557,-990
713652,2,12467,16011,-865,550
700735,2,8509,17760,75,330
818884,3,11596,23667,-79,-816
704337,3,10192,18529,-1292,-767
699914,3,8103,19609,-171,87
812348,2,9562,20961,-1261,396
713490,2,12421,17051,-686,157
701163,2,8763,19271,-531,230
813087,2,9782,22126,-411,772
700264,3,8280,18770,-128,-595
705703,4,10504,16451,-589,-917
701501,2,8970,19570,-1127,446
814586,2,10206,22732,49,371
713155,2,12334,17220,-1084,434
711777,2,11990,19040,-1282,511
819607,3,11915,21963,-1756,-346
811852,2,9398,22079,-354,272
700605,3,8440,17753,-745,-1193
713300,2,12366,17550,-544,598
697516,1,2732,16696,335,-714
818733,2,11547,23040,-1012,373
711389,3,11860,17587,-200,-1132
710135,2,11508,18802,-1059,628
711924,3,12006,19489,-8,33
707400,2,10842,16272,-1118,444
712007,2,12043,18578,-871,488
707180,2,10792,16742,-960,702
711641,3,11946,18033,-1092,-650
817789,2,11200,22974,-2192,585
809597,3,8265,23850,-155,-724
710033,2,11482,18500,-1220,637
712244,2,12095,18112,-1922,634
701176,2,8769,19329,-2409,174
710682,2,11664,19061,-1756,550
700217,2,8267,19913,-473,268
697885,3,3314,18744,-651,-756
812744,2,9682,22255,-333,218
703930,2,10094,18202,-1325,512
699784,1,7893,17620,146,-415
818724,2,11541,22080,-489,719
810158,2,8752,21043,-502,551
705914,2,10549,19973,-1220,564
809241,3,7346,20806,-202,-540
711632,2,11937,18556,-1182,225
701401,2,8904,19040,-506,223
712484,2,12156,18447,-1667,575
809427,3,7958,23552,-344,-767
816746,2,10856,23523,-974,579
700169,1,8242,18373,635,-990
701818,2,9144,17906,-275,520
699840,1,8021,17684,206,-650
702841,2,9731,19743,-540,724
820826,2,12447,20086,-1292,547
702246,2,9328,19414,-571,392
705196,3,10382,18594,-676,-1032
713335,3,12373,17196,-833,-7
817099,2,10983,22082,-1043,693
815183,2,10387,22488,-723,395
699266,1,6891,18801,172,-610
809824,1,8545,23151,210,-434
809955,2,8645,21652,-1240,499
704564,2,10240,18460,-982,488
